athlete_id,first_name,last_name,gp,gs,goals,assists,points,shots,steals,exclusions,drawn_exclusions,blocks,gk_ga,gk_gaa,gk_saves,gk_sv_pct
wp_e239f39ec08e,Beso,Akhvlediani,23,,59,23,82,117,9,20,,9,,,,
wp_dbcb47033264,Tomas,Perrone,23,,29,16,45,81,18,10,,0,,,,
wp_c714118af87a,Patrik,Kolak,23,,18,27,45,42,6,15,,5,,,,
wp_0541b23350a3,Albert,Ponferrada,23,,17,25,42,49,17,10,,13,,,,
wp_016cd84e1459,Kai,Inoue,23,,23,17,40,43,6,9,,1,,,,
wp_e712f5d7eae7,William,Kelly,23,,23,16,39,39,18,6,,5,,,,
wp_cd0640274564,Dominic,Brown,27,,30,3,33,47,5,15,,1,,,,
wp_3711f47b6c68,Chase,Wilson,23,,30,2,32,47,8,14,,2,,,,
wp_01ec3a48439e,Nik,Mirkovic,23,,16,15,31,36,12,10,,9,,,,
wp_ad380f408be7,Marci,Szatmary,23,,10,15,25,26,3,7,,2,,,,
wp_47e859d7d8c1,Bende,Pardi,23,,15,8,23,27,5,12,,3,,,,
wp_564db5372167,Alex,Oprea,23,,12,9,21,26,8,8,,3,,,,
wp_000dcd0c0928,Luke,Bachler,23,,11,10,21,23,5,5,,0,,,,
wp_626bdd157d18,Maddox,Arlett,23,,19,1,20,34,4,24,,7,,,,
wp_80f579a06a62,Brennan,Fuchslin,23,,9,9,18,18,6,6,,1,,,,
wp_6ddd01fad4bd,Ryder,Hagan,23,,7,6,13,12,8,25,,5,,,,
wp_1bf7a1f63652,Gigo,Sarimsakci,23,,9,1,10,15,2,6,,1,,,,
wp_008651b16ab1,Seth,Bousfield,11,,4,4,8,8,2,11,,4,,,,
wp_b582e4ee2de7,Milan,Sumich,23,,5,1,6,15,3,11,,0,,,,
wp_bb781b5b9074,Patrick,Stice,23,,4,1,5,7,1,3,,0,,,,
wp_ca51bded45f7,Loui,Schuler,23,,2,2,4,5,2,5,,1,,,,
wp_3aaf6faa7f6d,Riley,Clansen,7,,0,2,2,0,5,1,,0,30,6.57,37,0.552
wp_78273d6ff623,Aran,Pina,21,,0,2,2,4,29,5,,1,208,10.18,166,0.444
wp_dc81884eb7c9,James,Peace III,1,,0,0,0,0,0,0,,0,4,4.0,6,0.6
wp_11adba46aa68,Andras,Toth,3,,9,3,12,20,3,3,,2,,,,
wp_68bab2c3b4c5,Luca,Provenziani,3,,7,5,12,15,8,2,,1,,,,
wp_df24150a52c4,Alessandro,Salipante,3,,4,4,8,10,2,4,,0,,,,
wp_bc2787a237a0,Luca,Silvestri,3,,4,2,6,18,4,5,,0,,,,
wp_8e08479459d0,Marco,Napolitano,3,,3,1,4,7,0,5,,1,,,,
wp_354a5d1f8a1f,Mark,Dyck,3,,2,0,2,5,1,5,,0,,,,
wp_1e7e83f049ed,Gianni,Farrugia,3,,2,0,2,3,0,2,,0,,,,
wp_39175cb4937a,Balazs,Berenyi,3,,1,0,1,4,0,7,,0,,,,
wp_81a500efb1a4,Barnabas,Eppel,3,,1,0,1,8,2,1,,0,,,,
wp_3dcdaa90e9a2,Diego,Tresa,3,,1,0,1,2,1,0,,0,,,,
wp_5a31ebbd4edd,Csongor,Bartuszek,1,,0,0,0,0,0,0,,0,,,,
wp_bdec31b16366,Matthew,Bonello DuPuis,3,,0,0,0,1,2,0,,0,35,13.39,9,0.205
wp_32388e6b328b,Brendan,Cassidy,1,,0,0,0,0,0,0,,0,,,,
wp_42af1a0d25a6,Christopher,Gray,3,,0,0,0,0,0,2,,0,,,,
wp_371683348062,Soren,Jessen,3,,0,0,0,1,0,2,,0,,,,
wp_fbbd23480bac,Kristof,Magony,3,,0,0,0,0,1,0,,0,5,3.61,1,0.167
wp_eaac292cbdf4,Charlie,Martin,1,,0,0,0,0,0,0,,0,,,,
wp_c331b8aed2d8,Sean,O'Neill,1,,0,0,0,0,0,0,,0,,,,
wp_58fbc2c776a8,Kyle,Thomas,3,,0,0,0,1,0,1,,0,,,,
wp_56e8f7999bb4,Reid,Thorson,3,,0,0,0,0,0,0,,0,,,,
wp_2d82669f12fe,Jacob,Hatch,33,,40,32,72,86,20,23,,5,,,,
wp_1c7443dd908d,Nico,D'Angelo,33,,39,33,72,93,15,17,,5,,,,
wp_d3d8e24ad4b7,Ethan,MacLeod,33,,44,26,70,94,21,35,,7,,,,
wp_a660683bdb10,Julian,Nichols,33,,41,28,69,99,23,20,,7,,,,
wp_6768d4178335,Andrew,Barnuevo,33,,65,2,67,120,14,13,,7,,,,
wp_ca7fd8870303,Togan,Ozbek,32,,14,46,60,50,17,44,,3,,,,
wp_f5c25b75966e,Francesco,Schiaffino,33,,30,24,54,58,14,24,,3,0,0.0,0,0.0
wp_e75d0a8fd5c8,Alec,Isaacman,33,,27,18,45,67,4,15,,2,,,,
wp_dc3c38af2f42,Carmelo,Bangs,33,,27,10,37,61,6,28,,3,,,,
wp_40f06ffc1b70,Luke,Vargas,33,,31,0,31,45,15,13,,0,,,,
wp_31818c2f5892,Bende,Aubeli,33,,8,19,27,19,13,19,,11,,,,
wp_412f6e5b4214,Jace,Peterson,33,,16,10,26,35,6,7,,0,,,,
wp_64cee492f373,Ethan,Merritt,33,,10,16,26,35,5,17,,3,,,,
wp_98d5bf48f293,Marton,Thuroczy,33,,12,13,25,41,9,45,,3,,,,
wp_f264ec4d7c5d,Samuel,Branco,33,,14,9,23,32,6,5,,0,,,,
wp_40edeb659309,Ryan,O'Donovan,33,,13,5,18,25,0,3,,0,,,,
wp_df440ba60e7a,Francisco,Paredes,33,,16,1,17,26,3,10,,0,,,,
wp_0c7d0bf46834,Tony,Benedetti,33,,8,7,15,16,7,25,,2,,,,
wp_9380b41bcc8c,Ethan,Cooney,33,,3,4,7,9,1,18,,0,,,,
wp_c5a235dd8cf3,Kai,Kubo,33,,3,2,5,6,3,3,,0,,,,
wp_14e1358fd6f6,Ethan,Ivey,28,,0,2,2,4,11,1,,0,314,13.73,200,0.389
wp_a3ea263f5df1,Cy,Hammerstrom,5,,0,1,1,0,0,0,,0,26,7.81,32,0.552
wp_02852b62a4af,Noah,Stark,14,,0,1,1,1,8,1,,3,51,10.61,31,0.378
wp_9de96895bd19,Thomas,Kiesling,27,,65,14,79,145,17,15,,7,,,,
wp_9cf52c97bdcb,Oleg,Shatskikh,26,,38,29,67,87,31,18,,6,,,,
wp_b244ee2e42be,Oriol,Viñas,27,,24,39,63,74,22,23,,8,,,,
wp_a67c3a5950b1,Timothy,Kerr,27,,18,40,58,47,27,13,,8,,,,
wp_ef733fc17032,Thomas,Marr,27,,22,23,45,60,19,11,,3,,,,
wp_3d7a953abc69,Andrew,Hitchcock,28,,33,3,36,75,15,23,,11,,,,
wp_ebb8694c1040,Adam,Ting,28,,22,11,33,51,14,9,,8,,,,
wp_784686c009d0,William,Fosselman,28,,20,7,27,50,10,32,,4,4,32.68,0,0.0
wp_0546a433aa90,Waylon,Fox,28,,5,22,27,24,13,19,,3,,,,
wp_6af33b1500e1,Colin,Nicholls,28,,12,13,25,40,13,33,,10,,,,
wp_fcf92b3663a0,Max,Prokhin,22,,14,10,24,44,9,11,,4,,,,
wp_9fd8ec26c3ab,Brody,Crouch,27,,16,6,22,44,7,7,,4,,,,
wp_06e012e57c1e,Gabe,Bensen,14,,10,6,16,25,8,1,,1,,,,
wp_17607ab61ccd,Austin,Quick,18,,6,7,13,22,7,10,,0,,,,
wp_276ad55c2815,Will,Stryker,24,,4,9,13,11,9,18,,4,,,,
wp_3fa68293cc48,Mateo,Ruano,18,,10,2,12,20,6,13,,2,,,,
wp_b7446be58668,Andrew,Bonelli,20,,6,6,12,17,5,8,,1,,,,
wp_7c6da99487a7,Ned,Ginoti,12,,5,5,10,8,3,4,,0,,,,
wp_d0892b65f699,Baxter,Chelsom,27,,0,10,10,7,44,2,,0,304,12.35,228,0.429
wp_472110f83228,Luka,Palavra,28,,4,4,8,19,7,11,,7,,,,
wp_55348d46f487,JT,Doughty,11,,3,4,7,7,1,2,,1,,,,
wp_42a5a8c668b3,Colton,Fine,8,,3,2,5,5,1,3,,0,,,,
wp_ecd52d0bfa83,Brady,Simon,9,,0,2,2,0,8,1,,0,30,8.16,30,0.5
wp_298170f3c89e,Eamon,Hennessey,31,,55,17,72,123,15,18,,1,0,0.0,0,0.0
wp_672aba3d224e,Christian,Hammonds,31,,31,33,64,79,25,33,,5,,,,
wp_7ef83064d9e8,Mark,Laurlund,30,,15,41,56,35,22,21,,8,,,,
wp_9c4d6f845451,Felipe,Ferreira,31,,23,30,53,69,19,27,,6,,,,
wp_88f3e0be1ff4,Lucas,Romaguera,25,,34,15,49,89,23,15,,6,,,,
wp_bf4ec866009e,Bennett,Axline,31,,43,5,48,87,18,19,,2,,,,
wp_582803850a00,Jackson,Boettner,29,,36,12,48,80,16,16,,8,,,,
wp_4dad4892af8f,Ante,Buzov,31,,32,3,35,63,15,40,,7,,,,
wp_3e7a7b8c3529,Mason,Presley,30,,15,17,32,42,11,14,,2,,,,
wp_7ab569da98fd,Brendon,Fezzey,31,,17,14,31,37,20,46,,5,,,,
wp_46ef019c53ee,Grant,Kurtz,27,,17,11,28,36,16,13,,12,,,,
wp_fa11be351704,Finn,Bugelli,30,,25,1,26,46,21,8,,4,,,,
wp_db02bf2e44a1,Luca,Rago,30,,13,6,19,40,15,34,,5,,,,
wp_aa13c4fb3ec5,Kyson,Becker,18,,5,10,15,22,3,5,,1,,,,
wp_9c4ae0fc75f6,Lachlan,Rossi,19,,13,0,13,22,5,4,,0,,,,
wp_2c042b85bcd9,Reef,Lippa,21,,6,7,13,13,3,6,,4,,,,
wp_11262b85e408,Dusan,Djordjevic,15,,4,8,12,6,7,14,,3,,,,
wp_4937fd3cbef9,Jaime,Bhattacharyya,14,,7,4,11,14,7,3,,4,,,,
wp_f5c79e8f3409,Nolan,Roberts,12,,6,4,10,11,4,3,,0,,,,
wp_d86b1a652565,Landon,Akerstrom,5,,4,3,7,14,2,6,,0,,,,
wp_37669d11df9b,Cole,Harman,7,,4,2,6,4,0,4,,1,,,,
wp_ea8373b89d7d,Razvan,Alistar,10,,3,2,5,7,0,9,,0,,,,
wp_d9935499d1f2,Liam,Amburgey,7,,3,2,5,7,2,8,,1,,,,
wp_b9073eb970b4,Davidka,Skov,9,,3,2,5,5,2,2,,0,,,,
wp_c194a33ca090,Alex,Hegeman,30,,0,2,2,4,32,3,,1,302,10.24,194,0.391
wp_eb3d61901e7a,Winston,Loh,7,,0,0,0,0,0,0,,0,15,7.83,16,0.516
wp_e299501a2e85,Gabi,Acosta,25,,68,6,74,109,17,15,,2,,,,
wp_ed228f263a6b,Caleb,Francisco,26,,59,5,64,140,6,13,,10,,,,
wp_c2b2ddf1c33c,Toring,Stanley,26,,31,28,59,55,20,20,,6,,,,
wp_6f86aefa03bf,Harper,Stewart,26,,27,22,49,48,12,23,,5,,,,
wp_7762c22e56fc,Zalán,Nagy,24,,29,16,45,58,13,24,,5,,,,
wp_0e362a3f4654,Corbin,Stanley,26,,31,7,38,55,9,26,,10,,,,
wp_1d4064e74021,Artur,Diaz,26,,23,13,36,46,8,27,,2,,,,
wp_99c24482a499,Olivér,Sudár,18,,12,23,35,37,5,9,,0,,,,
wp_77cebbbb9bd3,Konstantinos,Kapragkos,25,,15,19,34,32,8,16,,7,,,,
wp_f56e81448cc5,Marc,Frigola Navarro,22,,22,10,32,46,9,30,,1,,,,
wp_a541ec808065,Sandro,Pueyo Caballero,25,,23,8,31,46,15,20,,0,,,,
wp_e67ea70dbfcf,Jason,O'Donnell,26,,17,10,27,35,16,43,,16,,,,
wp_5732d0836a52,Alec,Johnson,26,,15,2,17,28,9,31,,3,,,,
wp_c503ebc9307f,Michael,Soybel,13,,10,3,13,12,1,3,,1,,,,
wp_06b2b3b52aa1,Keegan,Moore,22,,9,2,11,14,3,9,,0,,,,
wp_58566f5cf5da,Itai,Roth,14,,7,1,8,12,2,7,,0,,,,
wp_1edb4f162533,Jovan,Mandic,6,,3,2,5,5,2,4,,0,,,,
wp_fd8ea8ae9f64,Botond,Hajdu,11,,5,0,5,8,1,4,,0,,,,
wp_3255d0e96882,Joe,Jenness,16,,0,4,4,0,15,2,,0,,,,
wp_45b20ab76008,Ash,Keshvara,5,,4,0,4,4,0,3,,0,,,,
wp_023c64e8ba2d,William,Whitstone,16,,0,3,3,1,10,2,,1,,,,
wp_0bff68fc16ae,Sergi,Ramon,4,,1,0,1,4,5,0,,0,,,,
wp_513e7f4f97f4,Alexander,Makshanoff,6,,0,0,0,2,1,1,,1,,,,
wp_8ac8e5bdffab,Johann,Thrall,27,,60,21,81,140,24,22,,5,,,,
wp_f33675663722,Cole,Francisco,27,,31,38,69,84,23,16,,8,,,,
wp_1cfc7b4cfb76,Luka,Krstic,27,,45,21,66,92,19,33,,4,,,,
wp_19352c6956df,Jack,Stevens,27,,26,21,47,68,23,33,,7,,,,
wp_ea19f962020a,Wyley,Dale,27,,39,2,41,68,4,15,,13,,,,
wp_02cca79c3775,Samuel,Otta,27,,25,13,38,52,10,11,,3,,,,
wp_500b4416d99c,Alex,Lopez,27,,19,16,35,37,11,14,,5,,,,
wp_a746e2e4e123,Gage,Verdegaal,27,,18,16,34,53,4,9,,9,,,,
wp_27ed1f7a8f04,Ethan,Spoon,27,,32,2,34,69,7,7,,6,,,,
wp_8d0e3d722182,Jasper,Dale,26,,14,19,33,38,10,26,,11,,,,
wp_1088feddaec3,Jayson,Hubbard,27,,11,20,31,34,7,8,,3,,,,
wp_45ff504908b0,Maddox,McEwen,27,,14,9,23,25,8,13,,3,,,,
wp_f56555d553de,Keegan,McGann,27,,6,15,21,16,4,22,,3,,,,
wp_73ec77ed636d,Brody,Luke,27,,4,10,14,18,1,28,,5,,,,
wp_e09e9dbf76c3,Dylan,Rosmann,24,,5,4,9,9,7,8,,4,,,,
wp_3a5467968a24,Samuel,Bowman,25,,5,3,8,18,6,8,,1,,,,
wp_0c819283106d,Tyler,Laymon,11,,5,1,6,8,2,12,,0,,,,
wp_2085d4b08fa1,Ben,Atkinson,23,,4,0,4,5,4,6,,2,,,,
wp_1b08c5561933,Zayd,Mahmoud,23,,0,2,2,3,8,0,,0,,,,
wp_8b38cb976a31,Andrew,Bockstahler,15,,1,1,2,2,0,2,,0,,,,
wp_04fef65f67d6,Vincent,Vega,4,,0,1,1,0,1,0,,0,,,,
wp_65ebfb8bacbf,Blake,Borders,3,,0,0,0,0,1,0,,0,,,,
wp_95a94572242e,Nolan,Cary,3,,0,0,0,0,1,0,,0,,,,
wp_950838aeb18a,Jackson,Matos,4,,0,0,0,0,0,0,,0,,,,
wp_fbef1f89e746,Charlie,Jones,3,,0,0,0,0,0,0,,0,,,,
wp_0fe68bff1881,Ben,Youngblood,4,,0,0,0,0,0,0,,0,,,,
wp_b3df772c28fc,Danilo,Dragovic,31,,63,20,83,134,23,29,,3,,,,
wp_ef5a48804b7e,Brock,Zamanian,23,,59,22,81,142,5,11,,4,,,,
wp_ae12177d48b2,Charlie,Johnson,31,,44,26,70,99,16,14,,3,,,,
wp_6a36dbfe5a82,Sam,McKenzie,30,,42,21,63,80,26,39,,8,,,,
wp_ebfd4d477812,Luke,Redoutey,31,,26,13,39,75,26,47,,5,,,,
wp_ef035c35f7a9,Tyler,Roller,31,,15,24,39,29,11,27,,1,,,,
wp_6a37e9ee9e8f,Landon,Lassahn,31,,27,8,35,57,13,43,,11,,,,
wp_0e6a780c6e71,Kai,Ross,31,,30,4,34,65,24,28,,3,,,,
wp_62f819a25732,Billy,Rankin,31,,24,10,34,43,5,14,,9,,,,
wp_b957c3bf2bcd,Camren,Simoncelli,31,,31,2,33,49,6,13,,2,,,,
wp_88755cba1db7,Griffin,Pieretti,30,,14,12,26,26,7,10,,0,,,,
wp_b55b4f647480,Sean,O'Brien,28,,10,13,23,20,11,12,,1,,,,
wp_1bc782716b02,Ryan,McManigal,27,,13,7,20,38,6,10,,5,,,,
wp_5f8b3ace34dd,Oliver,Sherwood,29,,9,6,15,27,3,6,,3,,,,
wp_2c2f9db8f3e9,Kyle,Rosenblatt,28,,4,9,13,11,6,15,,3,,,,
wp_b54bf31ee5c8,Thomas,Colpo,13,,8,3,11,11,4,3,,4,,,,
wp_6d56c2d3efa1,Wyatt,Pieretti,14,,0,8,8,2,8,0,,0,68,12.31,51,0.429
wp_51963dabead3,Levi,Lentin,23,,0,6,6,3,28,7,,0,239,11.34,181,0.431
wp_3b341a0266ea,William,Pezold,11,,2,0,2,6,0,8,,1,,,,
wp_ac134697943d,Finn,Byrne,3,,0,2,2,2,1,0,,0,10,9.14,10,0.5
wp_d3329629d9a4,Haakon,Lacy,11,,0,1,1,0,4,0,,0,36,10.05,34,0.486
wp_b112d08eced8,Pavle,Musikic,26,,84,9,93,178,9,30,,4,,,,
wp_6cd073146058,Matthew,Mischlich,27,,49,17,66,104,16,13,,6,,,,
wp_6d339c3ad99d,Rastko,Jevdjovic,26,,37,29,66,88,21,38,,9,,,,
wp_53498ada8137,Luka,Nastic,23,,25,20,45,67,6,10,,2,,,,
wp_0360d263817b,Ryan,Tannus,24,,22,14,36,65,5,22,,3,,,,
wp_41aebc571e51,Coby,Scanlon,22,,16,19,35,51,18,29,,2,,,,
wp_370961cc2db9,Jayden,Arana,25,,24,8,32,47,5,10,,2,,,,
wp_c9f21ca0d8d7,Hugh,Coyle,26,,19,13,32,46,6,14,,1,,,,
wp_05b410fc379c,Daniel,Raz,25,,12,9,21,37,2,14,,0,,,,
wp_41235cc3720e,Samson,Williams,25,,17,2,19,42,3,19,,2,,,,
wp_eb037621ff74,Brett,Grady,25,,8,11,19,21,15,6,,7,,,,
wp_8251a0c7ca3a,Edward,Imm,26,,7,9,16,18,9,21,,2,,,,
wp_a47f093ccc90,Carter,Williamson,17,,4,8,12,14,4,6,,1,,,,
wp_eaa4cfff8447,Kale,Arena,12,,3,2,5,7,2,1,,0,,,,
wp_5308f43478a3,Jakob,Villasenor,11,,4,0,4,7,3,4,,0,,,,
wp_4b86f884566a,Colin,Minehan,14,,2,2,4,5,2,4,,0,,,,
wp_3a36770afcfa,PJ,Bartzen,14,,1,3,4,2,9,0,,0,83,13.41,67,0.447
wp_859990b14171,Zachary,McAllister-Sim,17,,1,3,4,2,2,11,,0,,,,
wp_70b5a1851c8a,Aleksandar,Slavkovic,25,,0,3,3,1,58,12,,1,338,19.52,161,0.323
wp_5543bcc9f6f3,Toni,Vlasic,11,,2,0,2,5,0,2,,0,,,,
wp_f32c1bc5efbe,Roberto,Perez-Puente,12,,0,2,2,2,0,2,,0,,,,
wp_ff88584f0ca1,Zayden,Garner,9,,1,0,1,1,0,2,,0,,,,
wp_a63f434b5b97,John,Barrett,6,,0,0,0,0,0,0,,0,,,,
wp_c374e1c1c9ee,Alexandros,Belesis,1,,2,1,3,6,3,3,,0,,,,
wp_cedf315b11a2,Aaron,Tarr,1,,2,1,3,4,0,3,,1,,,,
wp_a43e53668d18,Ayden,Hess,1,,0,3,3,1,1,2,,0,,,,
wp_8a954e67f752,Jack,Fox,1,,1,1,2,1,0,3,,0,,,,
wp_241a9ea18bc9,Wes,Reising,1,,0,2,2,0,1,2,,1,,,,
wp_ba38dde76fad,Chrysostomos,Valavanis,1,,1,0,1,1,0,1,,0,,,,
wp_a0d991fc893d,Max,Economy,1,,0,0,0,0,0,0,,0,,,,
wp_ebdf95804f92,Gunner,Lanquist,1,,0,0,0,0,0,2,,0,,,,
wp_90112c3f6729,Ivan,Morales,1,,0,0,0,0,0,0,,0,,,,
wp_ca5253bf6657,Andrew,Norris,1,,0,0,0,0,0,0,,0,,,,
wp_074a2ab455af,Carson,Owens,1,,0,0,0,0,0,0,,0,,,,
wp_fd0756eb5f06,Aidan,Zieger,1,,0,0,0,0,0,0,,0,,,,
wp_be2bbec1ed51,John,Zingo,1,,0,0,0,0,0,0,,0,,,,
wp_29d6ab20ba18,Tom,Leggett,31,,148,45,193,272,21,25,,9,,,,
wp_3c861faad4d1,Jack,Richards,38,,83,56,139,171,29,34,,9,,,,
wp_9ac633b7ce34,Brady,Kopperud,31,,55,35,90,92,25,26,,6,,,,
wp_7e3658b5580f,Jake,Dixon,32,,36,23,59,85,28,53,,10,,,,
wp_b234a2b758fb,Jonah,Vander Veen,17,,12,45,57,25,14,12,,2,,,,
wp_fe78734a318c,Jackson,Carter,32,,20,35,55,40,9,21,,3,,,,
wp_661c20443966,Colin,Chase,32,,43,2,45,77,4,11,,5,,,,
wp_1a8348211f63,Dante,Nocetti,29,,20,17,37,42,7,12,,2,,,,
wp_c818c4aefaa7,Blake,Fuchslin,29,,8,22,30,24,13,8,,1,,,,
wp_c3a5fc7c9e0e,Owen,Imasaki,32,,19,11,30,38,14,42,,3,,,,
wp_4729281ab0ff,Luca,Smith,31,,0,20,20,12,36,4,,2,,,,
wp_0982519a1ac0,Max,Ellis,32,,16,3,19,37,7,9,,1,,,,
wp_3fb795fbeffb,Shane,Borunda,24,,5,10,15,7,2,8,,1,,,,
wp_3fc95e8891fe,Gavin,Honken,32,,13,2,15,31,4,11,,2,,,,
wp_5989fcb76b50,Nicholas,Cuenco,32,,8,4,12,20,7,26,,4,,,,
wp_6e9df1a4e782,Olin,Kusevskis,32,,7,2,9,13,2,7,,1,,,,
wp_d95b37016114,Jay,Pyle,14,,0,5,5,1,10,0,,0,,,,
wp_9112e071cc44,Matthew,Kwon,26,,2,1,3,6,3,4,,0,,,,
wp_9e4d91fd7f75,Matt,Oravetz,25,,2,1,3,9,2,8,,2,,,,
wp_58870be1aa89,Benny,Swanson,15,,2,1,3,4,1,1,,2,,,,
wp_ca3b42198e6c,Aidan,Forehand,14,,2,0,2,5,0,2,,1,,,,
wp_e4ae30b2b48d,Luke,Logan,8,,0,1,1,0,0,2,,1,,,,
wp_88601d4a6aec,Derek,Hymer,12,,0,1,1,2,0,1,,0,,,,
wp_069ab19a5d39,Bode,Farren,3,,0,0,0,0,4,0,,0,,,,
wp_fa4fbbde1494,Aiden,Blatt,2,,0,0,0,0,0,0,,0,,,,
wp_af01eb8b6596,Nate,Cheney,1,,3,3,6,6,3,0,,3,,,,
wp_19b69499dba4,Asher,Jones,1,,4,0,4,11,0,0,,0,,,,
wp_83a8c7f06131,Nate,Lutz,1,,3,1,4,6,0,1,,0,,,,
wp_b88ea4c449ed,Caden,Stover,1,,2,0,2,3,0,0,,0,,,,
wp_d63ac5bf1dd2,Daniel,Goldgisser,1,,1,0,1,3,0,0,,0,,,,
wp_c8ef3c7051bc,Auggie,Paredes,1,,0,0,0,2,2,2,,0,,,,
wp_02d76ab7b5fb,Aiden,Botterill,1,,0,0,0,2,0,1,,0,,,,
wp_8ec7c8b68003,Will,Cheney,1,,0,0,0,0,0,3,,0,,,,
wp_46d3ed946574,Alex,Gyde,1,,0,0,0,1,0,0,,0,24,24.0,8,0.25
wp_8e4529187525,Jacob,Hopkins,1,,0,0,0,1,0,0,,0,,,,
wp_38833488c90c,Matej,Kovacevic,1,,0,0,0,0,0,0,,0,,,,
wp_ad14242ffcaf,Elijah,Linman,1,,0,0,0,3,0,1,,0,,,,
wp_64901b9aa8b8,Danilo,Vujovic,1,,0,0,0,0,0,1,,0,,,,
wp_f2936c5ea614,Petar,Vujovic,1,,0,0,0,0,0,1,,0,,,,
wp_c3daa8ed27a5,Tommaso,Baldineti,24,,65,57,122,134,28,17,,6,,,,
wp_b6982bd5d30f,Abel,Romero Corbalan,23,,61,23,84,121,18,16,,6,,,,
wp_ec9f36312dcf,Alika,Naone,24,,51,30,81,120,16,15,,7,,,,
wp_2b0f6d250b35,Nico,Furneaux,23,,21,14,35,40,15,17,,5,,,,
wp_a1cc96830252,Caden,Poulleau,23,,10,20,30,34,12,35,,6,,,,
wp_aa8442abfcf0,Roman,Saroyan,24,,18,11,29,45,12,19,,1,,,,
wp_969b18154725,Bence,Barics,24,,20,6,26,32,7,18,,3,,,,
wp_4c08f8184dfe,Nick,Leung,24,,14,10,24,33,5,16,,8,,,,
wp_ab166e902469,Caden,Carpenter,23,,13,10,23,35,12,24,,3,,,,
wp_0c4d928b1c66,Jake,Bonavia,23,,7,13,20,20,11,12,,1,,,,
wp_fdff7af14532,Josiah,Yeager,24,,10,7,17,20,3,6,,2,,,,
wp_eb1cb885584d,Richie,Rimlinger,24,,10,6,16,21,6,40,,5,,,,
wp_0e7d8371b516,Jaxon,Hoover,23,,6,8,14,10,3,20,,2,,,,
wp_a2936c7164c0,Mateo,Obando,24,,7,4,11,20,6,10,,5,,,,
wp_12df694161cb,Eduardo,Carraresi,23,,5,6,11,14,5,8,,1,,,,
wp_e33546ea6ed8,Soren,Martin,22,,9,1,10,13,4,9,,0,,,,
wp_e5935f060bbe,Johnny,Mendiburu,24,,6,2,8,17,3,9,,3,,,,
wp_57adfbd3b0e1,Kaden,Breaux,22,,5,1,6,7,1,6,,1,,,,
wp_d1d3ca5c9ed9,Finn,Friedland,19,,1,5,6,3,25,2,,0,211,14.16,162,0.434
wp_87719b75be08,Ryan,Boschken,23,,4,1,5,8,1,2,,0,,,,
wp_d6cbd77bff64,Roberto,Barrera Sanchez,12,,0,2,2,0,5,1,,0,108,12.89,71,0.397
wp_13d5b4337623,Jonah,Allan,15,,1,0,1,2,0,0,,0,,,,
wp_c29502deee00,Asher,Smith,15,,0,1,1,2,0,0,,0,,,,
wp_3fc9fee838cf,Travers,Clark,1,,0,0,0,0,0,0,,0,0,0.0,0,0.0
wp_b879d059006b,Dylan,King,4,,0,0,0,0,0,0,,0,,,,
wp_2e483301c74a,Ian,Moore,3,,0,0,0,0,0,0,,0,,,,
wp_d29bd43ad009,Alex,Sharp,4,,0,0,0,0,0,0,,0,,,,
wp_1d433654fd36,Erik,Ionescu,26,,57,43,100,138,15,35,,9,,,,
wp_b19b8a8f8c08,Sandor,Gal,28,,46,50,96,96,29,34,,21,,,,
wp_a418f4f42a74,Dane,Howell,28,,55,31,86,101,30,18,,10,,,,
wp_26d7bbb83bd7,Matty,Walsh,28,,58,6,64,104,23,26,,8,,,,
wp_a83cc7e68968,Jon,Carcarey,26,,34,24,58,97,26,22,,10,,,,
wp_29bb3be66e20,Owen,Tift,24,,22,24,46,49,13,38,,8,,,,
wp_ad5cc0fdb440,Brian,Barnuevo,28,,23,22,45,52,12,13,,6,,,,
wp_d601e47eebb0,Cade,Anderton,25,,24,15,39,49,13,12,,6,,,,
wp_362d5188a442,Jackson,Benners,28,,6,28,34,31,16,25,,2,,,,
wp_8d1a036187ab,Charles,Warmington,22,,8,23,31,30,10,8,,1,,,,
wp_c7d04a4ecf0c,Csanád,Bella,28,,25,2,27,61,15,37,,18,,,,
wp_05243389f49b,Alex,Piccin,26,,9,12,21,20,9,6,,1,,,,
wp_6a96ec7efc07,Reed,Pantaleon,19,,13,3,16,30,3,22,,2,,,,
wp_4e6b7c240ec0,Adam,Blum,28,,12,1,13,35,2,15,,1,,,,
wp_1da2b2f50d82,Max,Smirnov,23,,2,10,12,6,27,4,,0,,,,
wp_7cd5b5544409,Adam,Yost,17,,4,7,11,14,5,6,,1,,,,
wp_95bead2e1096,Max,Burstein,20,,8,1,9,13,1,8,,1,,,,
wp_0650da60ab6f,Conor,Brough,9,,1,6,7,7,1,3,,0,,,,
wp_9252e6c9f8b5,Zach,Cwiertnia,4,,0,6,6,0,5,0,,0,,,,
wp_6221d3268021,Cameron,Bench,4,,2,4,6,2,1,3,,1,,,,
wp_86b86f1cfb8c,Adam,Csapo,1,,4,1,5,8,0,0,,0,,,,
wp_e2dc433ab5f7,Jaxon,Leach,7,,1,3,4,1,1,0,,0,,,,
wp_01747cc9e243,Woden,Chompff,1,,1,1,2,1,0,0,,1,,,,
wp_57d1edc415c5,Nick,Bryant,4,,2,0,2,4,1,6,,1,,,,
wp_5ffd7a0c3160,Gabe,Lewis,2,,1,0,1,3,0,1,,0,,,,
wp_d05a8368fea1,Riccardo,De Simon,23,,71,24,95,138,71,25,,17,,,,
wp_416368172ec8,Imme,van der Schaaf,23,,49,43,92,98,21,29,,8,,,,
wp_038f81e3a983,Henry,Engs,23,,28,58,86,79,11,20,,7,,,,
wp_c5fd97231f70,Luke,Baird,23,,25,16,41,53,11,17,,9,,,,
wp_15fcf5de9ac9,Reese,Jenican,23,,34,2,36,66,15,16,,4,,,,
wp_5f8bcfa986a0,Charlie,Engs,22,,10,25,35,25,24,18,,6,,,,
wp_4a1542c71c30,Ashton,Brown,22,,27,3,30,66,9,17,,3,,,,
wp_985fdf81d209,Thomas,Wisdom,23,,14,10,24,38,13,14,,3,,,,
wp_4bef6019c31a,Beck,Early,21,,6,17,23,13,5,10,,2,,,,
wp_7ea93929377e,Jason,Alietti,21,,14,8,22,39,3,22,,4,,,,
wp_03f3a828df73,Grant,Roesch,23,,6,11,17,16,6,2,,5,,,,
wp_28e2d62e75b2,Harrison,Villella,23,,6,6,12,23,1,14,,2,,,,
wp_0ae2c2fb8817,Charlie,Kosinski,15,,5,3,8,11,1,3,,3,,,,
wp_93ee3b5cc776,Reece,Hammond,10,,5,2,7,7,0,2,,1,,,,
wp_2373da992067,Jamie,De Zwart,13,,2,5,7,9,4,4,,1,,,,
wp_28b86da9e344,Weston,Bancroft,13,,4,2,6,6,3,5,,0,,,,
wp_8c91654b7602,Owen,Van Stralen,11,,0,6,6,1,9,2,,0,82,13.25,53,0.393
wp_f3d4a25032ac,Julien,Chow,15,,5,0,5,12,1,0,,0,,,,
wp_f67991511cf7,Harrison,Labrosse,20,,0,2,2,2,10,18,,8,212,13.02,164,0.436
wp_291b42994996,Tyler,Swensen,2,,0,0,0,0,0,0,,0,2,5.33,4,0.667
wp_b1a7a2295a24,Jensen,Welton,3,,0,0,0,0,0,0,,0,,,,
wp_eed2a04b6a73,Jaden,Winters,34,,66,28,94,143,30,26,,10,,,,
wp_b41580c2e5e1,Indigo,Lee,34,,47,28,75,109,13,27,,4,,,,
wp_1c0922dfbe60,Zach,Whitfield,34,,39,20,59,117,48,10,,10,,,,
wp_5f52d6221bcc,Darragh,Flanders,34,,52,4,56,101,14,16,,7,,,,
wp_625cda956774,Chase,Barman,34,,33,22,55,67,9,18,,4,1,24.0,0,0.0
wp_43fa69695038,Max,Distaso,34,,29,26,55,73,14,36,,3,,,,
wp_5d0673d8334a,Jake,Lee,34,,29,26,55,74,13,26,,10,,,,
wp_e8584eecd16e,Ryan,Kreutzkamp,34,,25,15,40,59,15,26,,6,,,,
wp_601bb310321c,Alden,Pfau,34,,17,15,32,44,25,43,,18,,,,
wp_158bd840e172,Conrad,Hugar,34,,21,5,26,47,4,6,,5,,,,
wp_de31d3c16496,Miles,Chiang,34,,8,12,20,23,13,4,,4,,,,
wp_e583bb3fbfba,Nico,Perna,34,,12,7,19,33,12,30,,3,,,,
wp_cec3eb3b367c,Alex,Erickson,34,,8,6,14,12,10,9,,2,,,,
wp_5d69cbe6478d,Logan,Colman,34,,10,2,12,24,4,2,,2,,,,
wp_8284b06412a6,Emerson,LaPorta,34,,4,6,10,13,8,1,,1,,,,
wp_e8c4c4a1cdcc,Tommy,Ryan,34,,6,3,9,25,5,11,,3,,,,
wp_a8adcf32801c,Nick,Grandinetti,34,,5,1,6,16,8,13,,1,,,,
wp_ff885a555637,Harrison,Siegel,34,,2,4,6,8,4,3,,0,,,,
wp_02d5a96d50cd,John,Shafer,34,,3,2,5,10,2,5,,1,,,,
wp_0b4c2c254967,Julian,Montoya,34,,2,2,4,4,5,4,,0,,,,
wp_0516a5170a6c,Greg,Moore,30,,0,4,4,6,27,4,,3,283,16.15,225,0.443
wp_3cc7b934ff80,Micah,Webber,34,,3,0,3,11,0,1,,0,,,,
wp_fc7a185b2bb1,John,Possman,10,,2,0,2,2,5,0,,0,56,11.3,63,0.529
wp_4331d92a9a44,Hudson,Schneider,34,,1,1,2,4,2,2,,0,,,,
wp_88b79fe3a298,Baye,Breene,34,,0,2,2,4,5,3,,1,,,,
wp_aea3f68eecb4,Justin,Topol,7,,0,2,2,2,2,0,,3,37,17.19,22,0.373
wp_37c80214eba9,Theo,Bass,34,,1,0,1,3,3,2,,0,,,,
wp_ae818f762908,Dylan,Bird,34,,1,0,1,4,4,1,,0,,,,
wp_5c1bec1a57a6,Leo,DiLascia,3,,0,1,1,0,1,1,,1,15,12.9,10,0.4
wp_d247b1fa72cf,Dillon,Joyce,34,,0,1,1,1,0,0,,0,,,,
wp_20e80e00323d,Kai,Baker,34,,0,0,0,4,0,1,,0,,,,
wp_efad7bcdcf72,Jacob,Shimon,2,,0,0,0,0,1,0,,0,5,27.67,1,0.167
wp_3c951c36f186,Stavros,Zografos,34,,0,0,0,1,0,0,,0,,,,
wp_3863b94b8205,Danko,Kesic,4,,14,5,19,30,3,5,,2,,,,
wp_7050a275761a,Marko,Zivojinovic,4,,8,8,16,19,1,4,,1,,,,
wp_6dbac8df588f,Nandor,Voros,4,,8,5,13,15,3,9,,1,,,,
wp_f0e4a6cc7bcc,James,Fenner,4,,2,3,5,5,0,3,,1,,,,
wp_ad80b64f45f9,Medun,Arsovic,4,,4,0,4,10,0,4,,0,,,,
wp_7674bdba883a,Antonio,Sablic,4,,4,0,4,7,0,8,,0,,,,
wp_bfe64cf46e80,Gage,Buttice,4,,3,1,4,4,0,1,,1,,,,
wp_8565f360f885,Samson,Hurey,4,,3,1,4,5,3,8,,0,,,,
wp_79c1355a04bf,Marko,Jovanovic,4,,2,2,4,2,1,12,,1,,,,
wp_a70beace80a9,Kelvin,Ceasar,4,,3,0,3,4,0,1,,2,,,,
wp_c703a5be61ae,Nicholas,Duncan,4,,1,1,2,3,1,3,,0,,,,
wp_e0df98097031,Mateja,Cerovic,4,,0,2,2,0,5,1,,0,79,19.75,26,0.248
wp_1ab9a9ff7ab9,Fulop,Zsombor,4,,0,2,2,2,1,8,,0,,,,
wp_96b639c2dfc6,Mitchell,Griffith,4,,0,1,1,0,0,2,,0,,,,
wp_653bb1e0f99d,Gabriel,Balmelle,4,,0,0,0,0,0,0,,0,,,,
wp_eca2e9d33d40,Caleb,Beach,4,,0,0,0,1,1,0,,0,,,,
wp_99ec252d0c35,Timothy,Fischer,4,,0,0,0,0,0,0,,0,,,,
wp_139ad227e7a5,Elias,Maurer,4,,0,0,0,0,0,0,,0,,,,
wp_f0333a42afa2,Connor,McAlister,4,,0,0,0,0,0,2,,0,,,,
wp_a8b79f97a9dd,Ivan,Petkovski,4,,0,0,0,0,0,0,,0,,,,
wp_b7d656ce659b,David,Socks II,4,,0,0,0,0,2,0,,0,,,,
wp_567cccdcb564,Brayden,Thayer,4,,0,0,0,0,1,0,,0,,,,
wp_0a5d962eeb05,Spyros,Rapsomanikis,21,,46,27,73,140,36,20,,7,,,,
wp_1dcf42bd663a,Jack,Ruggiero,21,,16,10,26,49,30,28,,3,,,,
wp_8b2ebe408ce8,Michael,Ruemelin,21,,15,11,26,76,6,13,,2,,,,
wp_08526830238f,Hudson,Kosiba,21,,14,9,23,64,19,25,,3,,,,
wp_0b3b2af3e56a,Josh,Vander Wagen,21,,11,7,18,43,12,13,,3,,,,
wp_882851b4b22b,Charles,Jacoby,21,,16,0,16,51,6,16,,0,,,,
wp_07c30a68ba0a,Jackson,Kesserman,21,,5,8,13,17,4,5,,0,,,,
wp_e1ee80c191a6,Jared,Safren,20,,5,8,13,16,6,12,,2,,,,
wp_c09a90eb1905,Bray,Turner,21,,9,0,9,23,0,2,,0,,,,
wp_6f4174c4f99e,Ayden,Guess,21,,6,2,8,34,13,12,,0,,,,
wp_fe24626047f1,Nic,Boyer,18,,3,5,8,12,30,9,,0,226,19.65,144,0.389
wp_7d4b23f79ee4,Connor,Tompkins,8,,2,3,5,4,2,4,,0,,,,
wp_6159665e2331,Dylan,Boccali,13,,2,0,2,7,7,1,,1,249,26.21,76,0.234
wp_28158517365c,Aziz,Abdulaziz,19,,0,0,0,0,0,0,,0,,,,
wp_33b65f6172e9,Austin,Honeycutt,17,,0,0,0,0,0,1,,0,,,,
wp_c3778acd5611,Gavin,Johnson,16,,0,0,0,0,3,0,,0,,,,
wp_5606c3f01a0d,Caleb,Hernandez,31,,50,30,80,114,20,13,,6,,,,
wp_39de1d3e14cc,Gavin,McKenzie,31,,49,19,68,122,14,24,,6,,,,
wp_942ceaeec541,Noah,Ryznar,31,,36,21,57,122,16,24,,11,,,,
wp_cc3d2f084737,Nick,Murray,31,,38,6,44,81,22,17,,2,,,,
wp_b9a020f4de61,Adam,LaVoy,31,,22,18,40,61,25,27,,9,,,,
wp_8fcae18aa869,Caden,Digby,31,,23,14,37,63,9,22,,5,,,,
wp_95a40d4506db,Kyle,Seifen,31,,12,19,31,50,34,11,,9,,,,
wp_373b837f3967,Isaac,Demski,29,,12,15,27,34,3,8,,3,,,,
wp_3e42385cd07c,Ivan,Tkach,28,,9,16,25,27,4,15,,1,,,,
wp_9b5bc039df81,Kevin,Slack,31,,13,8,21,32,11,28,,5,,,,
wp_2f85f90dfe84,Levi,Bengelink,29,,13,4,17,34,7,5,,1,,,,
wp_7d6b85a4a6d0,Ryan,Previch,30,,9,8,17,19,15,11,,0,,,,
wp_f286cc751142,Xander,Trevitt,20,,15,1,16,36,7,9,,4,,,,
wp_2145f3330923,Alec,Abrahamian,20,,7,5,12,27,5,24,,0,,,,
wp_6ede27638d1e,Beau,Gendron,12,,4,8,12,12,6,3,,0,,,,
wp_cdd4ad950d66,Colton,Brown,29,,4,6,10,12,6,11,,3,,,,
wp_a94da92ba7e4,Joshua,Dachenhausen,25,,0,7,7,1,17,3,,2,281,12.71,213,0.431
wp_20451e27cf84,Brandt,McBride,26,,4,0,4,7,3,2,,0,,,,
wp_387477b7c275,Mason,Pellens,8,,0,2,2,4,11,2,,1,66,14.47,44,0.4
wp_dde91fcb3e25,Dean,Witt,3,,0,2,2,0,1,1,,0,,,,
wp_62d033b602ec,Jacob,DeJong,24,,0,1,1,3,2,2,,2,,,,
wp_95b611d38cb8,John,Winters,6,,0,1,1,3,4,0,,0,48,13.87,29,0.377
wp_4f26a43efbcb,Cooper,Smith,1,,0,0,0,0,0,0,,0,1,4.0,1,0.5
wp_1c9403a0bd02,Koen,Vos,28,,0,0,0,3,0,1,,0,,,,
wp_de0d30873162,Dimitrios,Koritsas,34,,72,39,111,148,25,43,,21,,,,
wp_7716bc1e992f,Hugo,Wouters,33,,66,42,108,165,46,24,,6,,,,
wp_809237b2b7ed,Kaliq,Khan,33,,41,37,78,100,22,23,,3,,,,
wp_25d9f71ae88e,Kai,Young,34,,56,7,63,116,12,21,,8,,,,
wp_a2996117b87a,Sam,Diamond,34,,23,35,58,88,30,32,,6,,,,
wp_bda4549ecbba,Nicolas,Fuchs,33,,22,29,51,48,22,36,,12,,,,
wp_019854fa8d2d,Porter,Rosenlof,34,,20,26,46,46,22,45,,19,,,,
wp_3ade9285b207,Oscar,Garcia Blomback,34,,36,2,38,80,19,27,,6,,,,
wp_a2ca5db223f8,Carter,Clenney,28,,24,13,37,66,11,33,,7,,,,
wp_27137dbad8dd,Levi,Riegelmann,28,,22,11,33,52,9,19,,5,,,,
wp_fccf4005899c,Canyon,Johnson,32,,10,15,25,45,21,26,,9,,,,
wp_8589fc4ed431,Harry,Bentham,9,,10,12,22,25,4,7,,2,,,,
wp_a1687f7e88c5,Pablo,de Souza,34,,0,21,21,0,33,9,,0,321,10.74,343,0.517
wp_b645ec532ba3,Luc,Chapman,33,,12,8,20,30,9,5,,4,,,,
wp_f3993e5753d3,Luke,Addington,27,,3,12,15,16,10,22,,7,,,,
wp_d8962e097555,Cade,Peterson,21,,13,1,14,27,4,7,,3,,,,
wp_6cd4645a4f24,Charlie,Johnson,15,,5,2,7,10,2,15,,0,,,,
wp_5e7bc6d53b96,Kanoa,Stoddard,22,,4,3,7,6,7,8,,2,,,,
wp_6d7c5e59bc8a,Dylan,Poladian,11,,1,1,2,5,0,0,,0,,,,
wp_370f1709aa7e,Derek,Maddox,16,,0,1,1,0,5,0,,0,50,10.99,31,0.383
wp_902682a8e87b,Hale,Durbiano,4,,0,0,0,0,2,0,,0,6,10.51,6,0.5
wp_ae927e4e1fae,Forrest,Gray,25,,65,20,85,169,22,9,,5,,,,
wp_40a7d2e191e5,Chris,Sandino,25,,29,27,56,93,25,20,,4,,,,
wp_f05a9b498302,Christian,Clark,25,,37,8,45,71,7,20,,1,,,,
wp_9fd4396720aa,Samuel,Ramos,25,,9,32,41,43,18,11,,10,,,,
wp_e79a8c855c11,Tristin,Fox,25,,36,4,40,103,16,29,,5,,,,
wp_f842e0b7f209,Luke,Young,25,,19,9,28,63,9,11,,2,,,,
wp_d0682da31445,Blake,Johnson,25,,16,11,27,55,14,28,,2,,,,
wp_d2053054e925,Jake,Canales,25,,10,12,22,32,9,24,,3,,,,
wp_b7d481dfead1,Joey,Brocar,25,,12,7,19,43,4,19,,4,,,,
wp_d4cd79be804b,Jordan,Lambert,25,,8,4,12,22,8,26,,2,,,,
wp_399cde3b48bc,Chase,Hammes,25,,1,9,10,13,35,4,,7,371,25.31,210,0.361
wp_e6c83ee68c07,Matthew,Dillsaver,25,,5,3,8,9,2,2,,0,,,,
wp_331a30503689,Colton,Parks,25,,2,4,6,12,0,2,,2,,,,
wp_e33bb0b1facb,Jimmy,Johnston,25,,1,0,1,3,0,1,,2,,,,
wp_e7bf31961532,Nathaniel,Tuell,25,,1,0,1,1,0,0,,2,,,,
wp_86135e553947,Ben,Brockmeier,6,,0,0,0,0,2,0,,0,11,44.0,2,0.154
wp_adc7209abede,Ben,Rapley,2,,0,0,0,0,0,1,,0,12,48.0,0,0.0
wp_8d0d592d7db6,Alexandros,Kotskar,24,,90,31,121,219,13,21,,4,,,,
wp_8cc1853abeca,Nikiforos,Liantziris,24,,63,49,112,137,34,27,,3,,,,
wp_eabeb11da4bd,Victor,Volant,24,,57,37,94,100,49,20,,3,,,,
wp_830d65b9c64f,Rajmund,Farsang,24,,49,26,75,100,42,27,,11,,,,
wp_045c6465053f,Petar,Markovic,24,,59,15,74,124,21,19,,5,1,10.67,0,0.0
wp_ad0832fc741b,Mathieu,Bordet,24,,6,35,41,18,12,15,,4,,,,
wp_edca71877ce2,Dillon,Shaw,24,,26,4,30,45,18,22,,7,,,,
wp_fd4879802cc6,Callum,Snider-Mills,24,,16,9,25,34,6,5,,0,,,,
wp_deea4632eca7,Nathaniel,Castellon,24,,10,13,23,25,13,19,,3,,,,
wp_5c502223f892,Dominic,Demeritte,24,,13,5,18,28,9,11,,2,,,,
wp_8987581bd01e,Mateja,Zjacic,24,,12,5,17,25,7,41,,2,,,,
wp_f4d8ed26b3c7,Parker,Wilk,24,,6,8,14,15,4,16,,1,1,10.67,1,0.5
wp_891be6e90ffd,Bator,Mohacsi,23,,0,13,13,4,22,10,,1,281,16.35,240,0.461
wp_ee85a077b423,Michael,McGarry,24,,5,7,12,23,14,41,,9,0,0.0,0,0.0
wp_183088cd8270,Sebastian,Gallo,24,,6,5,11,11,4,7,,1,,,,
wp_edaf56aa0fe3,Paco,Palacian,23,,4,1,5,10,0,3,,2,,,,
wp_dd6e493207fe,Hewson,Morphy,3,,0,3,3,1,4,0,,0,24,16.0,26,0.52
wp_037ba81dce9e,Djordje,Stefanovic,5,,0,1,1,1,3,2,,0,47,15.19,30,0.39
wp_eaa813e2621c,Armand,Le Goff,24,,85,41,126,175,31,26,,21,,,,
wp_ed32711a3900,Alexandros,Prokopis,24,,43,32,75,98,33,24,,7,,,,
wp_4f5575957898,Yannick,Robertson,24,,64,5,69,109,17,20,,2,,,,
wp_09fa05b4b92c,James,Ramey,19,,28,11,39,49,27,17,,1,,,,
wp_f27927820c84,Joshua,Gibson,23,,33,4,37,72,13,28,,6,,,,
wp_2cca5463b777,Rowan,Daughtrey,24,,17,15,32,40,15,32,,11,,,,
wp_9df64ef91d54,Riccardo,Vettore,24,,14,18,32,31,22,32,,11,,,,
wp_894c5e220287,Quinten,Gallagher,24,,12,16,28,25,9,18,,5,,,,
wp_681b8e470850,Jayden,Del Campo,24,,11,16,27,26,10,37,,3,,,,
wp_f6dc9ce5b44d,Kris,Eyolfson,24,,9,10,19,16,11,8,,2,,,,
wp_9bdafd8f872e,Kevin,Kehoe,22,,15,3,18,31,12,10,,2,,,,
wp_f8b2d5d650ee,Emiliano,Martinez,24,,3,7,10,14,12,20,,1,,,,
wp_a5335919180b,Joaquin,Vazquez,13,,9,0,9,16,4,4,,2,,,,
wp_adfdc5233530,Davion,Nichols,7,,4,2,6,8,1,3,,0,,,,
wp_edad819100fc,Gavin,Haight,16,,0,4,4,2,23,2,,0,168,16.81,96,0.364
wp_15cf66d00cc3,Nathan,Weintraub,17,,2,1,3,6,4,8,,0,,,,
wp_7f96242996cb,Gennaro,Pecoraro,17,,1,2,3,3,45,5,,0,189,15.75,139,0.424
wp_8da067d1b2e9,Brayden,Ogle,6,,0,1,1,0,3,1,,0,24,11.96,23,0.489
wp_816f823586d8,Stevan,Rasic,17,,42,3,45,75,2,7,,7,,,,
wp_3f4b97032164,Oskar,Bannister,17,,24,21,45,53,12,7,,2,,,,
wp_a6e2d63a9e14,Rhys,Lomax,17,,26,14,40,68,16,22,,4,,,,
wp_dd2b79f8b571,Mark,Addison,17,,26,8,34,49,19,8,,5,,,,
wp_5b1d78c27355,Ian,Palmroos,17,,22,9,31,56,5,9,,1,,,,
wp_e1ee69e1cb16,James,Davis,17,,13,8,21,36,6,8,,5,,,,
wp_c8f941969069,Alden,Brinkmeier,17,,12,9,21,49,7,14,,0,,,,
wp_988e440fe39f,Mason,Landes,17,,16,1,17,32,4,7,,1,,,,
wp_de1702011620,Ben,Symington,17,,3,14,17,21,6,10,,4,,,,
wp_1fcc96a0f030,Cole,Faux,17,,11,1,12,30,5,15,,3,,,,
wp_94c32e0d00b4,Tyler,Leslie,17,,2,10,12,11,7,8,,6,,,,
wp_1b3d3dcecee2,Trentin,Lechleitner,17,,4,4,8,13,2,8,,1,,,,
wp_0a9fdce6193f,Bence,Kovacs-Siklosi,17,,3,1,4,5,1,3,,2,,,,
wp_4c8ed9831ceb,Declan,Hutton,15,,2,2,4,8,19,3,,1,184,14.85,187,0.504
wp_a45d67e553f4,Ronin,Araucto,17,,0,2,2,0,3,2,,2,,,,
wp_71d2521d5afd,Wilson,Smith,17,,1,0,1,5,1,3,,0,,,,
wp_65d83bde2ddd,Connor,Logan,17,,0,1,1,2,3,0,,0,,,,
wp_d9b1b2c87893,Lawson,Soukup,4,,0,1,1,1,5,0,,0,30,11.43,23,0.434
wp_1e7fd0a83a12,Chris,Bajda,17,,0,0,0,1,0,0,,0,,,,
wp_d3a030ae2207,Tristan,Hernandez Djukanovic,17,,0,0,0,0,0,0,,0,,,,
wp_2c800a9c3088,Carter,Meier,17,,0,0,0,5,1,0,,0,,,,
wp_3ad685f5cf0e,Uros,Ramic,17,,0,0,0,0,0,0,,1,,,,
wp_16795d35bbde,Tyler,Steinberg,17,,0,0,0,0,0,0,,0,,,,
wp_517664eeaf46,Bram,Schork,24,,71,6,77,133,31,36,,5,,,,
wp_e5598ac62e2c,Carl,Crum,24,,32,27,59,77,22,20,,5,,,,
wp_70f16a678af7,Axel,Haydt,24,,26,19,45,64,16,40,,7,,,,
wp_6ad7273a1cab,Eric,Verheyden,24,,23,12,35,54,18,36,,4,,,,
wp_c01158059d23,Alexi,Stapf,24,,11,21,32,37,29,19,,2,,,,
wp_e01cec8f5933,Justin,Hong,24,,21,10,31,37,15,18,,4,,,,
wp_a582e28afdaa,Joshua,Braun,24,,14,16,30,37,4,25,,2,,,,
wp_04d0f589bb79,Maxwell,Woodruff Vale,24,,8,11,19,16,8,22,,2,,,,
wp_ed095239d9db,Noah,Van Beurden,24,,14,3,17,50,7,21,,4,,,,
wp_0bf486bfab95,Hebu,Patil,24,,8,4,12,9,1,13,,0,,,,
wp_4bde29420225,Kaleb,Dy,24,,5,3,8,9,5,10,,1,,,,
wp_61eb7685748e,Sujit,Iyer,24,,1,5,6,4,48,6,,1,397,18.3,163,0.291
wp_da116bd82fff,Kirby,Fung,24,,2,3,5,6,3,5,,0,,,,
wp_d1195e98ca8c,Evan,Dickson,24,,0,1,1,2,1,5,,0,,,,
wp_b046e37d295d,Shuhul,Mujoo,2,,0,0,0,0,0,0,,0,6,18.29,0,0.0
wp_c9fab224a3e8,Levi,Cook,24,,41,52,93,106,40,20,,3,,,,
wp_d123ea044fee,Merrick,Giles,24,,34,32,66,79,27,13,,2,,,,
wp_1a70cf911c73,Paul,Patterson,24,,38,19,57,106,25,22,,4,,,,
wp_c7956b99dd43,Jack,Bradbury,24,,27,14,41,56,15,34,,5,,,,
wp_6df4156ad857,Dylan,Villanueva,24,,16,16,32,43,12,13,,1,,,,
wp_234cc94dce39,Nic,Mastropoalo,24,,23,7,30,50,9,11,,1,,,,
wp_a28ef89d9e0d,Alan,Castillo,24,,18,12,30,36,19,15,,5,,,,
wp_c443962e12eb,Brody,Swarm,24,,14,12,26,37,12,19,,1,,,,
wp_8ad620f8e2a1,Ceasar,Nava,24,,20,5,25,35,4,14,,5,,,,
wp_472e423258f3,Max,Gerdeman,24,,14,11,25,39,10,5,,2,,,,
wp_574cd3600def,Ethan,Guereca,24,,14,3,17,35,11,16,,4,,,,
wp_52aabeb17b33,Tre,Eade,24,,10,6,16,24,8,21,,6,,,,
wp_03db3d988c65,Zachary,Isaac,24,,12,3,15,34,10,9,,3,,,,
wp_2acc313f507b,Adam,Scrivner,24,,14,0,14,38,7,18,,3,,,,
wp_767f565fcb06,Noah,Carreon,24,,8,3,11,12,1,2,,0,,,,
wp_1f93d7aeb026,Luke,Chang,24,,7,4,11,10,12,3,,2,,,,
wp_72f02996595d,Jude,Solis,24,,2,4,6,5,5,2,,1,,,,
wp_d23a6cd626d8,Bo,DuBois,10,,1,3,4,5,14,2,,0,105,14.48,57,0.352
wp_81b9d844a600,Alex,Fewtrell,24,,2,1,3,4,3,5,,0,,,,
wp_0aeb84437188,Dylan,Bassler,4,,0,3,3,0,5,0,,0,21,7.64,20,0.488
wp_a3a476c79bbe,Jaeger,Gonzales,12,,0,2,2,4,14,1,,1,115,11.5,85,0.425
wp_f327fadb8f27,Jacob,Taff,5,,0,2,2,7,6,1,,0,53,13.25,23,0.303
wp_b50aadbf7af1,Davin,Castillo,27,,47,49,96,132,60,27,,2,2,1.66,6,0.75
wp_a4f1982d2239,Daniel,Franks,24,,25,46,71,67,29,19,,6,,,,
wp_2d7abddfb27d,Rylan,Takahashi,27,,41,17,58,80,22,20,,2,0,0.0,0,0.0
wp_01b5d0023d0a,Luke,Stiebel,27,,23,31,54,59,24,12,,3,,,,
wp_507fe054f0b3,Nathan,Jones,27,,49,4,53,109,13,15,,1,,,,
wp_ee6bf0fecab6,Matthew,Cormican,27,,23,21,44,47,22,13,,2,,,,
wp_89beb7402c10,Sammy,Hendrickson,27,,19,15,34,63,30,9,,2,,,,
wp_6c257c02a7c7,Steven,Rubly,27,,16,16,32,45,17,7,,1,,,,
wp_fda96b2525b0,Jason,Pieracci,27,,10,17,27,26,15,16,,4,,,,
wp_ffb8dfd3846a,Isaac,Solberg,26,,13,11,24,30,14,21,,1,,,,
wp_c5e71e369557,River,Lyon,25,,11,9,20,26,13,5,,0,,,,
wp_28dc9a9ae5e0,Joshua,Brown,26,,15,1,16,28,13,8,,0,,,,
wp_b48fccdb35f1,Boston,Fisher,26,,15,0,15,22,6,6,,0,,,,
wp_c87fc7763e02,Kosta,Radoman,27,,11,4,15,53,14,26,,0,,,,
wp_44086e687b0f,Jayce,Gallegos,24,,8,5,13,15,6,14,,3,,,,
wp_55ef05ebf575,Jack,Baker,26,,7,6,13,19,8,9,,0,,,,
wp_47266f4991fc,Sahak,Abrahamyan,17,,6,7,13,29,3,5,,0,0,0.0,0,0.0
wp_db070b484eea,Aka,Pietsch,22,,2,10,12,9,10,28,,1,,,,
wp_efc571bd859b,Weston,Hamson,7,,2,6,8,5,1,2,,0,,,,
wp_cabd0c28bbf2,Rylind,Butler,16,,3,4,7,8,7,4,,1,,,,
wp_a62a6af69615,Ian,Jones,7,,3,2,5,7,5,8,,0,,,,
wp_1fcce1575768,Owen,Levine,8,,1,4,5,2,1,4,,0,,,,
wp_77cd0d348bfb,Jackson,Sanders,20,,0,5,5,8,16,2,,0,251,16.54,142,0.361
wp_ae345f0a2383,David,Yacoub,15,,1,2,3,5,13,0,,0,101,13.31,63,0.384
wp_baae2041d2de,Charles,Cain,6,,1,0,1,3,3,1,,0,,,,
wp_43e0d3db2f89,Oliver,Chelsom,7,,0,1,1,1,1,0,,0,39,13.01,23,0.371
wp_b55814681976,Alex,Cacos,4,,0,0,0,0,1,1,,0,16,12.8,13,0.448
wp_8c038ca5a50b,Nick,Kennedy,29,,99,76,175,194,27,17,,14,,,,
wp_12aa4ac0e94b,Thomas,Walker,29,,71,32,103,151,23,22,,9,,,,
wp_44ea44455534,Gavin,Netherton,29,,32,33,65,66,12,17,,11,,,,
wp_abdcf7e62de3,Donovan,Davidson,29,,33,24,57,73,27,13,,10,,,,
wp_1651f528341c,Luke,(Bear) Weigle,29,,43,4,47,58,13,13,,3,,,,
wp_afa8bd0ae8ec,Jeffrey,Koretz,29,,40,1,41,73,7,14,,3,,,,
wp_6fb776214aee,Weston,Hartel,29,,11,28,39,35,15,32,,5,,,,
wp_4ef9ec28ba12,Ivey,Gehring,29,,21,14,35,50,20,37,,5,,,,
wp_147214465e11,Christopher,Petrossian,29,,21,11,32,37,11,13,,2,,,,
wp_e53257e8374e,Nelson,Harris,24,,18,10,28,38,6,6,,2,,,,
wp_8e845018318e,Asher,Engelberg,29,,14,13,27,33,8,12,,0,,,,
wp_8d18c7c96792,Stryker,Scales,29,,16,7,23,26,15,10,,3,5,10.0,9,0.643
wp_618d635ca35f,Jack,Bryant,29,,12,10,22,36,14,24,,5,,,,
wp_ba89ed7d73ad,Calvin,Donat,29,,8,1,9,19,5,7,,3,,,,
wp_72ccef418f16,Jake,Taylor,28,,1,6,7,2,25,2,,0,270,11.55,231,0.461
wp_45938f068d51,Caiden,Titus,29,,2,4,6,5,0,6,,1,,,,
wp_82820f7700ea,Tobias,Schoenwald,28,,3,1,4,5,0,3,,0,,,,
wp_df6ea51ca9f2,Hassen,Hove,24,,1,1,2,2,1,1,,0,,,,
wp_cf102cebf2f4,Liam,Luinenburg,3,,1,0,1,2,0,1,,0,8,8.0,9,0.529
wp_1fdaa6b57a93,Chase,Campbell,7,,0,0,0,0,3,0,,1,18,8.47,19,0.514
wp_6cdb28f4ac74,Jesse,Ellis,20,,52,40,92,99,38,15,,3,,,,
wp_d4cabd717a4d,Jeffrey,Harrington,19,,47,11,58,114,23,20,,3,,,,
wp_b01cc032ff66,Thomas,McDonough,19,,23,17,40,88,22,19,,5,,,,
wp_3287576a9af0,Topher,Cook,20,,22,17,39,67,16,16,,3,,,,
wp_8e377bb0a97d,Keegan,Kosiba,19,,22,12,34,63,10,19,,1,,,,
wp_34c256cb59c4,Carson,Neidert,20,,18,16,34,42,9,23,,3,,,,
wp_0be6bc83c3ee,Paul,Podrebarac,20,,14,19,33,34,26,12,,3,,,,
wp_d837236593c8,Zach,Dixon,20,,24,6,30,54,10,13,,2,,,,
wp_86c5434f8295,Sebastian,Parilov,19,,12,18,30,38,26,2,,2,128,9.37,95,0.426
wp_dce70eda7164,Matthew,Maischoss,16,,10,9,19,26,9,10,,4,,,,
wp_586dd20cc795,Ethan,Hipsky,20,,12,2,14,24,6,14,,4,,,,
wp_903cd1a657fe,Artem,Kyselov,19,,1,7,8,13,12,4,,0,162,10.33,91,0.36
wp_3ed01d100a67,Brevin,Master,20,,2,5,7,9,2,6,,0,,,,
wp_c50d8015ebc6,Kale,Halfacre,16,,1,2,3,6,3,7,,0,,,,
wp_04d5a050c78d,Cully,MacPherson,15,,1,0,1,3,1,3,,0,,,,
wp_3790ecbe5741,Isaac,Merwin,8,,0,1,1,2,0,0,,0,12,2.69,1,0.077
wp_be788b824cb0,Augie,Loredo,14,,0,0,0,0,0,0,,0,,,,
wp_7a73c68d9e57,Graham,Stuart,15,,0,0,0,0,0,0,,0,,,,
wp_3ac42abd0fea,Adam,Teryek,15,,0,0,0,1,0,0,,0,,,,
wp_5e59467e31f0,Mason,Hofmann,28,,68,34,102,117,31,22,,5,,,,
wp_38cb3fa29275,Luke,Mendelsohn,28,,58,44,102,120,55,21,,11,,,,
wp_6a4842fc8fc3,Phillip,Long,28,,46,25,71,99,16,26,,17,,,,
wp_8bb0e9401023,Alec,Baker,28,,18,49,67,44,37,17,,10,,,,
wp_9d61775111f8,Owen,Bartlett,28,,38,27,65,69,26,21,,5,,,,
wp_1b0410e65433,Iason,Mihalopoulos,28,,47,16,63,78,13,11,,10,,,,
wp_b0380153a25d,Daniel,Palfi,28,,23,38,61,40,19,10,,2,,,,
wp_572c577ae902,Andrew,Lee,28,,47,6,53,79,15,5,,3,,,,
wp_6d711c765ab2,Patrick,Rooney,28,,30,20,50,58,10,12,,2,,,,
wp_13231bbd13fc,Max,Blecher,28,,29,19,48,80,29,38,,14,,,,
wp_2d0dbe1befe0,Ben,Lucas,28,,11,31,42,26,16,13,,21,,,,
wp_f2ca0731ed2b,Gavin,Brooke,28,,21,17,38,50,11,13,,6,,,,
wp_9b6e60327b70,Matthieu,Giauque,28,,32,2,34,65,12,15,,3,6,8.0,7,0.538
wp_342ced1e69c3,Brody,Mars,28,,22,9,31,40,7,6,,2,,,,
wp_2bd9d3e5709a,Ethan,Babel,28,,10,20,30,21,3,9,,1,,,,
wp_d13975eba5b3,Quint,Steffey,28,,12,12,24,42,18,26,,13,,,,
wp_a637957a8193,Chris,Poisler,16,,2,9,11,3,19,1,,0,165,12.56,128,0.437
wp_de3c93422a8d,Kyle,Pearson,13,,0,6,6,3,11,2,,0,137,12.06,137,0.5
wp_2095f0b0c443,Sebastian,Isaacs,4,,0,3,3,0,2,0,,0,15,5.45,50,0.769
wp_f6de7e6305e6,Josh,Lamberton,27,,100,23,123,172,26,29,,5,,,,
wp_e7341742f105,Jordan,Baker,27,,60,59,119,125,38,27,,8,,,,
wp_535df2776993,Timothy,Robles,27,,58,36,94,124,28,36,,6,,,,
wp_d6928b5abc31,Zachariah,Barclay,27,,26,25,51,55,13,17,,4,,,,
wp_344181dada41,Tommy,Gibson,27,,15,18,33,34,14,27,,5,0,0.0,0,0.0
wp_7e2b5887adc7,William,Roby Unkovich,27,,16,15,31,56,15,23,,0,,,,
wp_260d48002fcf,Richard,Montanez,27,,12,13,25,35,25,43,,10,,,,
wp_8eacc7014670,Ethan,Estephan,27,,7,13,20,26,6,20,,2,,,,
wp_6bdc10bc9fd8,Nicolo,Buono,17,,13,4,17,20,3,5,,1,,,,
wp_a59065fc058f,Vaughn,Freiermuth,21,,11,2,13,23,4,21,,0,,,,
wp_8ed6ee821b89,Jaden,Javier,27,,2,9,11,16,6,29,,2,,,,
wp_a95cb9653d04,Nicholas,Winsor,27,,3,6,9,8,1,4,,3,,,,
wp_906678197f1e,Dominic,Esparza,19,,3,2,5,7,0,4,,0,,,,
wp_60ca347b0095,Solomon,Smalley,27,,3,1,4,6,1,14,,0,,,,
wp_30ff62d0a8e7,Henry,De Luna,25,,0,4,4,8,19,7,,0,388,17.62,178,0.314
wp_0c1c6e6b2f47,Caleb,Dephouse,3,,1,0,1,1,0,0,,0,10,26.41,2,0.167
wp_7aca1f2348f1,Peyton,O'Steen,8,,0,0,0,0,7,1,,0,48,13.39,27,0.36
wp_81949550f7a1,Travis,Hughes,31,,52,50,102,141,23,28,,10,,,,
wp_586c699e91cf,Jake,Eulenhoefer,31,,36,16,52,102,14,36,,6,,,,
wp_99380120398a,Zane,Derrod,31,,37,13,50,102,21,17,,6,,,,
wp_6d37854120cf,Max,Stone,31,,27,19,46,84,42,37,,13,,,,
wp_de7b7034ef47,Lars,Schubert,31,,22,21,43,54,25,12,,6,,,,
wp_b22b3c93b615,Atticus,Wahab-Holles,31,,29,9,38,70,25,41,,5,,,,
wp_35c1c05b2c2f,Danny,Miller,61,,35,2,37,75,11,19,,1,,,,
wp_0626f6459130,Quin,Concannon,31,,29,2,31,57,5,26,,0,,,,
wp_28463e3a7ba4,Lucas,Washburn,31,,8,10,18,26,11,11,,4,,,,
wp_fcd13682c00b,Loron,Washburn,31,,12,5,17,23,15,6,,1,,,,
wp_c48f5fd813f6,Ocean,Pogorel,31,,12,4,16,24,5,18,,0,1,96.0,0,0.0
wp_24b013db3c64,Jack,Davis,31,,8,3,11,20,5,10,,4,,,,
wp_682968bdbbc5,Kevin,Castellanos,31,,7,3,10,15,5,3,,3,,,,
wp_5a71d5fcbc2c,Vincent,Ryser,31,,5,5,10,11,2,7,,6,,,,
wp_c8efaa73f11c,Noah,Emmitt,49,,8,0,8,20,4,4,,0,,,,
wp_6b6c7edc8fc5,Jack,Schroeder,29,,0,6,6,9,18,3,,0,382,16.34,238,0.384
wp_11d5a6f20658,Patrick,Gardner,31,,4,0,4,6,1,11,,0,,,,
wp_83cda7c6d5b8,Tait,Landswick,31,,2,1,3,7,4,5,,0,,,,
wp_9aeb11e83462,Evan,Morisky,31,,2,1,3,10,5,6,,1,,,,
wp_754b2560556f,Dominic,Lopez,31,,0,2,2,5,1,5,,0,,,,
wp_60472b4c59c2,Will,Garcia,9,,0,1,1,0,6,0,,0,59,14.41,36,0.379
wp_d548c1df1d3d,Tyler,Leung,4,,0,0,0,0,0,1,,0,13,13.87,6,0.316
wp_c380a306148d,Steven,McDonald,1,,0,0,0,0,0,0,,0,6,48.0,0,0.0
wp_6987b9c02344,Apostolos,Georgaras,23,,73,20,93,153,37,19,,7,,,,
wp_2cce89354181,Borisz,Kasa-Gal,23,,57,21,78,111,13,5,,3,,,,
wp_434172e17078,Petar,Popovic,23,,25,38,63,70,15,13,,7,,,,
wp_bb69a41e5996,Yoav,Rendler,23,,24,26,50,60,18,6,,3,,,,
wp_a78edca5b4eb,Daniel,Viscia,23,,30,12,42,66,10,7,,3,,,,
wp_2837d55b1442,Ori,Buzaglo,23,,34,1,35,59,6,7,,11,,,,
wp_a99f88bc7221,Noah,Wendt,23,,9,13,22,15,4,3,,2,,,,
wp_bab9d2012538,Brody,Biedermann,23,,10,8,18,21,6,3,,1,,,,
wp_613c756587fa,Manuel,Pembertty,23,,9,8,17,24,3,8,,3,,,,
wp_fe5d50d2b3d3,Saul,Biddle,23,,7,5,12,19,2,3,,1,,,,
wp_0dda5f62d269,Tamas,Otto Voros,23,,6,5,11,15,6,14,,3,,,,
wp_d7b8c8df6277,Alek,Newman,23,,9,0,9,14,2,4,,1,,,,
wp_607ac167fded,Declan,McJilton,23,,5,4,9,13,3,7,,3,,,,
wp_8a3d15787af6,Ethan,Carrington,23,,7,1,8,16,3,2,,6,,,,
wp_a274c975b2ec,Kiss,Gergely,20,,0,8,8,2,13,2,,0,221,14.86,164,0.426
wp_a6901a86ddc6,Ethan,Braga,23,,6,1,7,7,2,1,,0,,,,
wp_9281729ec3cd,Charlie,Donlin,22,,5,2,7,7,1,2,,0,,,,
wp_eecaa85b6b23,Jonah,Martorana,23,,6,0,6,11,3,5,,3,,,,
wp_19e2c9718e0e,Ryan,Smith,22,,1,1,2,3,1,0,,0,,,,
wp_09d4bb1a7f40,Nash,Brandon,6,,1,0,1,2,0,0,,1,,,,
wp_bfc7ebeec9f0,Daniel,Warman,8,,0,1,1,0,0,0,,0,,,,
wp_502083178572,Benjamin,Gronbach,8,,0,0,0,0,6,0,,0,40,12.87,24,0.375
wp_e8f47ed1771e,Landon,Mauge,6,,0,0,0,0,0,0,,0,,,,
wp_b2952a782397,Filip,Norell,5,,0,0,0,0,1,0,,0,,,,
wp_b98e2ea1a3d5,Lukas,Peters,6,,0,0,0,0,0,0,,0,,,,
wp_56d166b046ea,Eli,Sternweiler,2,,0,0,0,0,1,0,,0,2,0.0,3,0.6
wp_8f6b9418d97e,Oliver,Finley,29,,46,12,58,115,19,26,,8,,,,
wp_5dd2e72cbe63,Tim,Jensen,29,,32,22,54,75,19,29,,2,,,,
wp_05cf7c9795d2,Lennon,Franklin,29,,31,16,47,60,18,27,,4,0,0.0,0,0.0
wp_d74a2da18501,Joseph,Madigan,29,,27,14,41,74,11,15,,0,,,,
wp_4ac51613d3f4,Ossie,Joplin,23,,33,6,39,71,9,9,,5,0,0.0,0,0.0
wp_1134667bdd08,Jake,Simpson,29,,28,8,36,78,13,23,,9,,,,
wp_db17a93f7498,Adam,Lambert,29,,17,15,32,47,16,37,,4,,,,
wp_5be64382879d,Harrison,DeCourcy,29,,29,1,30,59,6,15,,0,,,,
wp_310cec5376f0,Brody,Nielsen,29,,17,9,26,50,10,22,,2,,,,
wp_87e298b65d97,Camilo,Solis,29,,15,11,26,26,7,11,,1,0,0.0,0,0.0
wp_ef8e319ab245,Matthew,Wheeler,29,,7,13,20,19,6,20,,3,,,,
wp_a42004b15f94,Tanner,Stagner,29,,6,12,18,44,9,5,,0,,,,
wp_6b04711d6cdc,Brady,Bailey,29,,9,5,14,12,1,7,,0,,,,
wp_0073a63ef1f1,Michael,Villagran,29,,6,6,12,20,3,11,,4,,,,
wp_0a345d479d89,Kalani,Nelson,26,,8,3,11,26,5,8,,3,,,,
wp_15ec5a9ebb40,Oliver,Child,29,,9,1,10,20,3,12,,0,,,,
wp_858853d6568b,Sebas,Maccalla,29,,4,6,10,15,10,21,,3,,,,
wp_09aa31ce89f0,Stephen,Ramirez,29,,3,7,10,7,4,6,,0,,,,
wp_80e4d7b0d454,Troy,Barker,28,,2,7,9,13,37,7,,0,340,14.68,165,0.327
wp_d85685263362,Noah,Tikoo,29,,2,4,6,5,4,4,,3,,,,
wp_42e489819d59,Liam,Gore,24,,2,3,5,3,2,3,,0,,,,
wp_39ca890b888f,Nathan,Gattorna,13,,1,2,3,4,6,0,,0,82,13.67,50,0.379
wp_a372988319ba,Aidan,Miller,5,,6,1,7,14,4,2,,2,,,,
wp_157456bff4ae,Hector,Santaella,5,,6,1,7,18,6,5,,5,,,,
wp_5e5b7f0d68b2,Dillon,Parker,5,,5,0,5,23,0,8,,1,,,,
wp_3f61afe49d5f,Ciro,Pro,5,,1,4,5,16,3,5,,0,,,,
wp_a811ddbccbb4,Topher,Mitchell,5,,2,2,4,8,3,6,,3,,,,
wp_6ab7f719501d,Brody,Souder,4,,3,0,3,19,1,5,,0,,,,
wp_498621acd614,Parker,Elliott,5,,1,1,2,6,3,2,,2,,,,
wp_8ed6bed34fff,Joseph,Aranda,4,,1,0,1,7,1,2,,0,,,,
wp_12f780bf0f66,Adam,Brock,5,,0,0,0,1,0,5,,0,,,,
wp_4c1d560e9eb2,Timothy,Deutsch,4,,0,0,0,0,0,0,,0,,,,
wp_db0727eb39b5,Layne,Evans,3,,0,0,0,0,2,0,,0,20,11.43,2,0.091
wp_edc5e2f662d7,Jonah,Richardson,4,,0,0,0,1,1,0,,0,15,20.0,3,0.167
wp_260dd4c0a5db,Andrew,Rippke,4,,0,0,0,2,3,3,,0,51,20.4,21,0.292
wp_2e86e308feff,Zander,Montoya,27,,73,41,114,129,23,33,,9,,,,
wp_e4c014fd6a0d,Noah,Bigara,27,,74,13,87,126,13,23,,4,,,,
wp_993828963059,Jaime,Ariste,27,,55,30,85,116,28,37,,4,,,,
wp_2bf19893c918,Ethan,Klerck,27,,43,23,66,83,13,56,,2,,,,
wp_82974f5897cc,Louis,Grandi,27,,20,38,58,42,21,21,,7,,,,
wp_071978b85462,Zander,Huynh,27,,13,19,32,43,20,26,,2,,,,
wp_b6b308353df1,Pedro,Carvalho,27,,28,3,31,46,4,15,,2,,,,
wp_c176707db323,Alberto,Seva,27,,17,12,29,49,4,29,,1,,,,
wp_a4868d6eb536,Alvaro,Oliveros,27,,15,11,26,39,12,20,,3,,,,
wp_6d3bf9744cfe,Jordan,Northcutt,26,,20,3,23,41,4,14,,2,,,,
wp_8d91af7c372e,Evan,Borunda,26,,12,5,17,23,3,13,,1,,,,
wp_bef85c79a852,Brody,Haney,12,,10,7,17,22,2,9,,2,,,,
wp_54c1275cbb33,Ko,Kusachi,27,,7,5,12,17,3,30,,0,,,,
wp_00bcfe82fcb6,Dylan,Zeledon,27,,5,1,6,9,4,5,,0,,,,
wp_798fc0205a02,Conner,Rocha,27,,3,3,6,14,5,3,,2,,,,
wp_b8de2f99f574,Jose,Silva Zito,12,,0,5,5,5,15,2,,2,112,14.11,73,0.395
wp_41510c40f388,Lorenzo,Angelucci,23,,1,3,4,3,18,0,,0,248,17.25,145,0.369
wp_da03b996c6bb,Matheo,Loilliet,26,,2,1,3,10,3,10,,0,,,,
wp_fc16708c5fe6,Tomas,Franco,5,,0,1,1,0,2,0,,0,30,15.0,11,0.268
wp_e68863fbde20,Andrew,Jones,23,,48,26,74,115,17,19,,2,,,,
wp_c02549a71aba,Vincent,Labonte,23,,40,6,46,96,9,14,,5,,,,
wp_e3abd17e9376,Evan,Ladeairous,23,,30,8,38,68,18,23,,0,,,,
wp_e5a4431103d6,Weston,Oliver,23,,35,2,37,77,10,8,,0,,,,
wp_a4cfc6e376f7,Aydann,Hambruch,23,,9,17,26,20,16,19,,5,,,,
wp_986020deafb2,Christian,Soto,22,,13,6,19,31,14,15,,2,,,,
wp_703d24df05e0,James,Soto,23,,14,4,18,41,13,14,,1,,,,
wp_08144c431073,Matthew,King,23,,14,2,16,34,7,9,,0,,,,
wp_035a88a696d3,Hayden,Markell,22,,6,10,16,36,13,21,,3,,,,
wp_42637c08af13,Jakee,Chacon,9,,10,5,15,23,2,12,,1,,,,
wp_05c5d08c02c9,Patrick,Jones,23,,8,7,15,21,10,10,,2,,,,
wp_4f4345f885bd,Noah,Hernandez,22,,5,7,12,12,4,7,,1,,,,
wp_e8fbb50ba097,Matthew,Lloyd,23,,0,8,8,7,18,0,,0,269,15.37,181,0.402
wp_a76d618cbfb1,Brayden,Shively,15,,5,2,7,13,3,8,,1,,,,
wp_7bdc98f0d2bb,Christopher,Bettencourt,14,,2,3,5,10,5,12,,1,,,,
wp_12827ab46f89,Tommy,Bauer,14,,2,1,3,5,3,11,,1,,,,
wp_35e3859475b0,Misha,Golovatyi,17,,2,1,3,3,2,1,,0,,,,
wp_581dde91ef5e,Jacob,Hernandez,4,,1,1,2,7,1,0,,0,,,,
wp_7ed82d846776,Christopher,Mouchmouchian,14,,0,2,2,1,1,7,,0,,,,
wp_8ef0cf64109b,Mathias,McCarthy,11,,1,0,1,5,0,5,,0,,,,
wp_f005ae5b8a9f,Jacob,Henshaw,3,,0,1,1,1,0,0,,0,12,12.0,3,0.2
wp_7753ddd4f791,Ethan,Stocker,9,,0,1,1,0,3,0,,0,63,18.0,24,0.276
wp_f1daabb60825,Mason,Lindstrom,14,,0,0,0,1,0,1,,0,,,,
wp_0d54f031173a,Roman,Montalvo,14,,0,0,0,0,0,0,,0,,,,
wp_96413c9224ae,Camden,Peterson,1,,0,0,0,3,0,0,,0,,,,
wp_e43c47d45535,Andrea,Nuzzo,35,,92,48,140,180,18,34,,8,,,,
wp_25192fa84141,Whitley,Beamon,35,,41,34,75,79,18,25,,1,,,,
wp_6a0a363a4972,Wyatt,Bugbee,35,,47,25,72,117,11,21,,3,,,,
wp_6194aeaa7d5d,Michael,Abshier,35,,26,39,65,49,14,19,,3,,,,
wp_4a58a85c216d,Alex,Righetti,35,,57,8,65,100,7,15,,4,,,,
wp_f6b7cb9799c3,Rafa,Martinez,35,,46,4,50,72,10,9,,3,,,,
wp_75b748736b66,Hayes,Beamon,35,,24,19,43,59,15,15,,8,,,,
wp_19a1265deee9,Phil,Portisch,35,,16,26,42,51,12,14,,5,,,,
wp_2ced8bde6605,Luca,Imbriolo,35,,30,12,42,73,9,44,,6,,,,
wp_5c04ccbf59ae,Owen,Fonua,43,,14,22,36,34,15,16,,3,,,,
wp_9b76229ae681,Paulo,Hernandez,35,,23,11,34,54,8,17,,6,,,,
wp_4a75022f2366,Aidan,Olson,35,,10,23,33,24,12,17,,6,,,,
wp_981e02bd8bf1,Nic,Fall,33,,18,14,32,37,8,9,,1,,,,
wp_764adcfe8fce,Collin,White,35,,18,12,30,53,13,26,,10,,,,
wp_b2364d62fa94,Micah,Grantham,35,,7,8,15,18,2,8,,1,,,,
wp_a81fc0d5ab1d,Quintin,Hoffman,34,,10,1,11,23,5,4,,2,,,,
wp_bb5b3c05a8e6,Asher,Eaton,35,,2,6,8,9,5,20,,4,,,,
wp_5c40237e207b,Jason,Honey,33,,2,3,5,7,6,9,,2,,,,
wp_0ae39a3f4b38,Tanner,McCreary,28,,0,4,4,4,21,2,,7,,,,
wp_3c1ccfc33587,Owen,Rauth,34,,4,0,4,12,3,6,,0,,,,
wp_bfeece9528c4,Tyler,Carson,8,,0,0,0,0,3,0,,0,,,,
wp_b1fecde198e5,Despoina,Drakotou,24,,48,32,80,104,32,26,,15,,,,
wp_4bd32808ed1f,Julia,Bonaguidi,21,,47,23,70,103,32,31,,14,,,,
wp_2894c8b91706,Abbi,Magee,24,,43,22,65,94,18,19,,18,,,,
wp_190a9c282594,Holly,Dunn,23,,27,33,60,54,15,18,,8,,,,
wp_2cd9b01caf14,Maria,Bogachenko,21,,37,20,57,73,6,15,,4,,,,
wp_f41c13fc2b89,Rosalie,Hassett,23,,33,24,57,75,30,15,,14,,,,
wp_62e3369983c1,Feline,Voordouw,24,,36,11,47,75,12,10,,18,,,,
wp_e86f68395b3a,Eszter,Varró,17,,28,3,31,60,9,21,,8,,,,
wp_f879631de5be,Julianne,Snyder,24,,14,16,30,27,8,10,,8,,,,
wp_f36891ae834b,Harper,Price,24,,5,16,21,15,7,26,,9,,,,
wp_b896490758ee,Talia,Fonseca,24,,3,11,14,18,19,2,,0,259,11.29,168,0.393
wp_d61fcdc5f318,Nieve,Courtney,22,,3,9,12,12,6,5,,1,,,,
wp_4ac38286dfaf,Claire,Rowell,15,,2,5,7,5,4,6,,0,,,,
wp_a70f4125a1af,Reece,Helsel,18,,5,1,6,12,8,2,,1,,,,
wp_ab1d3e1341a2,Kate,Meyer,13,,3,3,6,6,0,10,,3,,,,
wp_ee3cb46d5d0a,Gabby,Reichley,15,,1,3,4,1,3,2,,1,,,,
wp_422656ad9c43,Marina,Brown,20,,3,0,3,5,1,9,,0,,,,
wp_df2f6719395e,Mackenzie,Walker,5,,3,0,3,5,2,1,,2,,,,
wp_9f66d5bf6916,Lindsey,Harris,11,,2,0,2,5,2,1,,1,,,,
wp_e6b983f9f6ed,Abby,Roder,8,,0,1,1,1,0,1,,0,,,,
wp_399c644a8747,Lexi,Nelson,6,,0,0,0,0,0,0,,0,5,4.75,13,0.722
wp_1bab68af2e39,Ari,Karampetsou,28,,65,40,105,110,28,25,,3,,,,
wp_009f274a99fe,Emma,Gustafsson,28,,57,19,76,95,9,10,,7,,,,
wp_1e855d4d61d2,Issy,Jackson,28,,29,14,43,52,36,31,,6,,,,
wp_5c062745f145,Maddy,Scarth,28,,23,17,40,48,17,9,,3,,,,
wp_5722627867dd,Harriet,Dickens,28,,20,16,36,49,5,7,,4,,,,
wp_568daf460e16,Bailee,Swindells,28,,35,0,35,59,5,3,,2,,,,
wp_a82246c01445,Kaia,Levenfeld,28,,29,4,33,58,9,24,,6,,,,
wp_5d1d54e6d9fb,Emilia,Mladjan,28,,30,1,31,51,15,19,,5,,,,
wp_40f86383f405,Riley,Chapple,28,,11,19,30,47,8,17,,5,,,,
wp_202a6859885f,Ryland,Smith,28,,16,11,27,32,5,15,,2,,,,
wp_2bc6b300e217,Brooke,Ingram,28,,15,7,22,35,10,25,,4,,,,
wp_ed3bd2223fcd,Lulu,Hirschfield,28,,16,6,22,40,6,18,,2,,,,
wp_0ff60156046e,Claire,Eusey,28,,8,11,19,17,5,14,,3,,,,
wp_8c893818393d,Jordan,Schneider,28,,9,6,15,22,3,13,,2,,,,
wp_77a9b3aba8a6,Sydney,Brandvold,28,,8,4,12,14,1,2,,1,,,,
wp_900cfce2e746,Abby,Schulz,28,,8,0,8,10,1,3,,2,,,,
wp_d9f59d8b16cf,Maya,Mladjan,28,,3,3,6,7,2,4,,2,,,,
wp_3be7db0f1e9b,Mariam,Ndiaye,27,,1,0,1,2,0,1,,0,,,,
wp_46da623d5cc3,Katie,Delaney,6,,0,0,0,2,0,0,,0,,,,
wp_fff1d5143dd1,Tyler,Jackson,3,,0,0,0,0,0,0,,0,,,,
wp_29ab91442f31,Sophia,Bunnell,27,,0,0,0,2,8,0,,0,,,,
wp_685932782c18,Sophia,Panossian,28,,0,0,0,0,0,0,,0,,,,
wp_d61218f3ffec,Louisa,Downes,26,,48,35,83,120,12,21,,6,,,,
wp_1454c326efa1,Grace,Klingler,26,,41,23,64,116,31,9,,7,,,,
wp_3b699c3edc23,Olivia,Harris,26,,23,32,55,81,19,18,,10,,,,
wp_7338e1ca352b,Kylie,Williams,26,,36,2,38,54,7,16,,4,,,,
wp_e096ddb25b2f,Audrina,Kang,26,,21,15,36,47,13,15,,4,,,,
wp_5dbf3f7ff357,Gwyneth,Le,26,,21,12,33,40,13,15,,1,,,,
wp_08499f702dda,Keira,Blitzer,26,,23,1,24,48,2,2,,3,,,,
wp_d19e9c3708c4,Nicole,Tyner,25,,21,2,23,39,20,20,,6,,,,
wp_a20e01745aae,Nikki,Frazier,26,,7,13,20,18,7,14,,2,,,,
wp_e76d4be512ef,Savannah,Batchelor,26,,9,10,19,24,10,6,,1,,,,
wp_0e928fd28f7a,Nancy,Baylor-Sefchick,26,,11,8,19,33,23,35,,2,,,,
wp_8456ea9b757f,Macie,Drum,23,,11,5,16,33,8,8,,3,,,,
wp_29e0f3ddd87f,Jasmine,Higgs,26,,3,8,11,16,20,1,,0,,,,
wp_77505c10d660,Natalie,McCarroll,26,,2,8,10,6,5,0,,3,,,,
wp_fde61735be6f,Summer,Stelck,24,,5,5,10,13,10,0,,1,,,,
wp_5a2299d5b977,Sammy,Frazier,25,,3,6,9,7,4,1,,0,,,,
wp_34394ab79e3d,Helga,Terol Salvi,23,,5,4,9,10,1,3,,0,,,,
wp_13c22b1d4ebe,Kaitlin,Elias,25,,8,1,9,18,1,5,,1,,,,
wp_142b339f288a,Morgan,Schink,26,,5,3,8,20,9,11,,5,,,,
wp_40ad83f2c6f8,Audrey,Cox,15,,0,5,5,0,6,1,,0,,,,
wp_e87740e4331a,Maggie,Frye,13,,0,0,0,0,0,0,,0,,,,
wp_5fdbd9e2a905,Mady,Nollan,12,,0,0,0,0,0,0,,0,,,,
wp_ea153495aaf5,Jane,Girard,1,,0,0,0,0,0,0,,0,,,,
wp_d27665f484c8,Lauren,Hett,27,,73,39,112,162,34,18,,24,,,,
wp_d5ed564da315,Sara,Naulty,27,,37,29,66,92,12,24,,6,,,,
wp_fdcba4c096a6,Michelle,Urkov,27,,33,19,52,75,17,21,,9,,,,
wp_900092e2ac53,Pippa,Heaver,27,,22,28,50,44,19,23,,7,,,,
wp_4a34a6ce505e,Madi,O'Hara,27,,35,2,37,66,6,12,,2,,,,
wp_3c72f0d12c19,Deirdre,Murphy,27,,29,2,31,59,11,24,,6,,,,
wp_b0f813af4f9b,Annabelle,Mundelius,25,,18,12,30,59,9,30,,5,,,,
wp_e1d1925e7f9a,Sydney,Hagan,27,,18,11,29,45,15,15,,2,,,,
wp_bae9d0e6ba94,Mary,Hassett,27,,11,15,26,27,12,25,,7,,,,
wp_4f3e677bddce,Chloe,Patist,27,,13,11,24,54,20,16,,7,,,,
wp_b784f5a77c3b,Hollis,Munchoff,27,,14,9,23,35,7,9,,1,,,,
wp_a4ffe219e3d0,Vivian,Bailey,27,,13,7,20,35,9,15,,5,,,,
wp_b0eacec7032d,Jess,Reagan,27,,6,6,12,15,4,17,,0,,,,
wp_328793a8c111,Bella,Calderon,27,,2,7,9,8,8,9,,3,,,,
wp_2bb33f981313,Madeline,Kasper,27,,3,5,8,11,5,5,,1,,,,
wp_3382d30ade96,Gabbie,Graniello,27,,6,1,7,8,3,4,,0,,,,
wp_8515b9daf8d6,Ella,Walker,22,,0,5,5,0,9,0,,0,,,,
wp_00871813c7d7,Charley,Birdsall,27,,2,1,3,13,4,6,,2,,,,
wp_46bcf8c45b7c,Anya,Frey,27,,3,0,3,10,6,6,,0,,,,
wp_2cbf67819c20,Marisol,Cowles,27,,0,2,2,7,1,6,,1,,,,
wp_27969e73c88f,Mayezie,Loggins,4,,0,0,0,0,1,0,,0,,,,
wp_474de961aef8,Annie,Peak,11,,0,0,0,0,10,1,,0,,,,
wp_389932eeb05b,CJ,Sirls,2,,0,0,0,0,1,0,,0,,,,
wp_a1ad58ceb534,Emily,Cloherty,23,,46,19,65,93,19,15,,2,,,,
wp_a8fece5cd38e,Abigail,Schechter,24,,56,6,62,105,10,18,,1,,,,
wp_c52cce15c70e,Sofia,Munatones,24,,28,18,46,73,22,21,,1,,,,
wp_4a91e56ab6b1,Sydney,Munatones,24,,13,32,45,42,20,10,,1,,,,
wp_b2be3915059e,Caitlin,Stayt,22,,37,6,43,83,9,5,,0,,,,
wp_e93edde510c2,Cascade,Stensland,24,,33,2,35,58,18,15,,1,,,,
wp_d46a4fa78501,Evelyn,Burns,22,,21,2,23,36,12,10,,0,,,,
wp_8cc1100e7594,Anna,Fazioli,20,,13,8,21,21,4,4,,1,,,,
wp_01cf2eaf4614,Alexa,Kraaijvanger,23,,7,14,21,24,12,25,,1,,,,
wp_2a22ba140cb2,Kenya,Cassidy,23,,9,11,20,23,10,14,,1,,,,
wp_c1ef112be721,Allie,Bartholomew,24,,6,11,17,18,6,11,,1,,,,
wp_d95b62a6e1c9,Berkley,Sinner,23,,16,0,16,30,3,15,,6,,,,
wp_08b892790d1a,Alex,Anghera,23,,7,7,14,32,12,31,,4,,,,
wp_004da1823cea,Olivia,Obando,21,,4,7,11,19,9,19,,0,,,,
wp_7056bd59a391,Kendra,Ammon,15,,2,5,7,8,2,9,,0,,,,
wp_b3c20dcbda8d,Bria,Zwaschka,24,,0,6,6,9,38,1,,0,255,12.13,188,0.424
wp_5e7ce4a050e8,Kyla,Bruhn,12,,1,2,3,4,1,5,,1,,,,
wp_cf81e70b87dc,Maddie,McMahon,10,,0,2,2,2,1,2,,0,,,,
wp_4d6edb085b7d,Ally,Bone,5,,1,0,1,1,0,0,,0,,,,
wp_1be79da70861,Zoe,Grover,4,,1,0,1,1,0,1,,0,,,,
wp_2bd5a2a8110f,Makana,Fake,5,,0,0,0,0,0,0,,0,22,14.67,13,0.371
wp_d7498bc166cf,Nola,Palestrant,5,,0,0,0,0,2,0,,0,9,6.12,10,0.526
wp_bb427a2e5178,Holly,Roberts,1,,0,0,0,0,0,0,,0,,,,
wp_2038bdd09508,Ashley,Wallin,28,,35,65,100,100,32,23,,4,,,,
wp_152a4e9d465f,Gianna,Nocetti,28,,47,41,88,117,40,27,,12,,,,
wp_b46736f20b49,Chelsea,Johnson,28,,50,22,72,120,25,31,,5,,,,
wp_69b2bbc92874,Lillie,Vehling,28,,30,29,59,70,15,7,,6,,,,
wp_cbfbdfda9e9b,Sadie,Henry,28,,27,11,38,65,21,18,,1,,,,
wp_8441e3533880,Alison,Giusti,28,,18,17,35,46,13,24,,2,,,,
wp_5363e49c565c,Madison,Sparre,28,,15,20,35,47,16,25,,3,,,,
wp_2b1e553bed5c,Margo,Tempel,26,,23,9,32,56,11,10,,1,,,,
wp_882f796da843,Liberty,Massman,28,,26,2,28,49,5,21,,4,,,,
wp_1eb0a628f1f0,Ally,Smith,28,,15,13,28,54,21,12,,3,,,,
wp_8db999c8e1b1,Sofia,Bozzo,28,,20,5,25,42,12,15,,5,,,,
wp_05c731fd0e11,Bridget,Miller,10,,17,2,19,35,1,9,,0,,,,
wp_6a22f73e93a0,HanaLora,Abel,28,,11,6,17,24,17,11,,0,,,,
wp_3d42657bd04b,Nina,Albers,27,,9,5,14,27,13,4,,4,,,,
wp_f517d7f60af6,Addison,Engelbert,23,,5,8,13,16,3,17,,1,,,,
wp_577f7f1b3e0f,Katy,Westphal,22,,4,7,11,15,3,4,,0,,,,
wp_1442efb53af7,Eva,Stein,28,,0,9,9,246,24,3,,1,235,9.91,223,0.487
wp_adfb4a041dfd,Sarah,Ellis-Keeler,9,,4,4,8,7,2,3,,1,,,,
wp_6ee096696b9e,Taylor,Gair,7,,5,1,6,8,1,0,,1,,,,
wp_80dafa8fb42c,Caroline,Oates,11,,3,3,6,5,6,2,,0,,,,
wp_0c0810765331,Lucy,Holland,11,,0,6,6,52,4,1,,0,28,7.17,31,0.525
wp_9f071cffd0d8,Abby,Humphrey,4,,1,0,1,5,1,1,,0,,,,
wp_71628bf667d0,Harper,Gilbert,2,,0,1,1,0,1,0,,0,1,2.0,3,0.75
wp_f78b748903a4,Ariadna,Temprano Xambó,22,,44,37,81,101,19,18,,8,,,,
wp_73154db15387,Agatha,Weston,21,,56,13,69,102,34,22,,13,,,,
wp_f97cac536c29,Ema,Vernoux,18,,40,15,55,89,13,12,,1,,,,
wp_4a6b58a274ae,Roni,Perlman,21,,15,40,55,72,21,14,,5,,,,
wp_e0b1b3ae0cd7,Gabrielle,Doyle,22,,25,17,42,56,29,18,,5,,,,
wp_3b889a30464b,Camille,Radosavljevic,22,,11,12,23,30,9,17,,6,,,,
wp_238e55e91074,Raha,Peiravani,22,,13,2,15,23,6,10,,7,,,,
wp_4627a20e08d3,Alia,Burlock,22,,11,4,15,22,12,17,,4,,,,
wp_23bf715c4efb,Asimina,Klapsianou,22,,12,2,14,37,4,12,,1,,,,
wp_f2ceff56dc31,Tara,Logan,21,,6,4,10,20,9,30,,4,,,,
wp_5d28794301f7,Sienna,Walker,20,,9,0,9,19,5,8,,1,,,,
wp_6097dacbcb6a,Karly,Frangieh,22,,6,1,7,12,1,12,,0,,,,
wp_068d28fa0c93,Esmee,Roijen,19,,5,0,5,11,4,4,,2,,,,
wp_e3e5d8089c48,Emilia,Schorr,19,,1,3,4,6,0,1,,0,,,,
wp_95a9f2e5241a,Olivia,Slavens,11,,1,3,4,3,3,1,,0,,,,
wp_c2f823911fb0,Lola,Annear,10,,2,1,3,4,0,0,,0,,,,
wp_096bfa188163,Tea,Brandon,19,,2,1,3,4,2,1,,2,,,,
wp_522b48b1c7f7,Madison,Corrigan,4,,0,1,1,3,0,0,,0,,,,
wp_cc34d407045c,Daisy,Logtens,22,,0,0,0,0,16,0,,0,194,10.11,166,0.461
wp_3ce22fc73f4e,Evelyn,Miller,3,,0,0,0,0,1,1,,0,5,6.67,9,0.643
wp_312c08f9d190,Nalani,Yim,6,,0,0,0,0,1,0,,0,8,3.88,17,0.68
wp_b717f60dfd47,Isabel,Valaika,19,,14,22,36,57,15,19,,2,,,,
wp_d0a8fcb0241f,Cami,Mras,20,,28,2,30,76,7,29,,2,,,,
wp_dd6b96d8a2bb,Lainey,Weintre,17,,9,17,26,33,6,19,,2,,,,
wp_0e28c74cdc3f,Loretta,Hovey,15,,18,6,24,58,12,11,,2,,,,
wp_daf3667fb126,Gigi,Rimlinger,20,,7,13,20,24,3,16,,2,,,,
wp_cb3fcfe48344,Hadley,Hall,20,,16,3,19,62,12,18,,6,,,,
wp_e975da43cd02,Molly,Souza,20,,14,4,18,58,14,21,,8,,,,
wp_dde2ed7d4dd0,Eliza,Harlow,20,,17,0,17,43,9,6,,6,,,,
wp_45046ee3a222,Zoe,Gabriel,20,,5,5,10,13,2,10,,1,,,,
wp_f54e79a7d165,Emmerson,Ferriera,20,,6,3,9,26,7,14,,0,,,,
wp_8c9165a7d6d2,Brynn,Tully,17,,7,1,8,30,3,8,,0,,,,
wp_7a5fcc41cbaf,Zoe,Ann Watson,11,,5,1,6,14,1,0,,0,,,,
wp_985eaf0814e4,Marta,Maninetti,11,,2,4,6,19,6,11,,2,,,,
wp_b91e6807e5a3,Phoebe,DeMoss,9,,1,2,3,11,9,2,,3,,,,
wp_67d890640b91,Miranda,Salinger,13,,2,0,2,11,3,5,,0,,,,
wp_c8aee2227991,Mia,Sullivan,16,,1,0,1,3,1,3,,0,,,,
wp_704bcb2bde9b,Siena,Jumani,8,,0,1,1,0,7,2,,0,69,13.8,29,0.296
wp_a59263f77bbc,Addison,Lane,15,,0,1,1,4,4,6,,0,,,,
wp_5b6dcd29de8c,Lydia,Soderberg,11,,0,1,1,0,7,2,,0,89,15.15,48,0.35
wp_7d004bbf3aff,Morgan,Hoffman,1,,0,0,0,0,0,0,,0,,,,
wp_0587b9974780,Keira,Wall,14,,0,0,0,2,19,2,,0,165,18.08,63,0.276
wp_297fc7f724dd,Emme,Doube-MacLeod,29,,39,32,71,92,40,22,,7,,,,
wp_76a92e557da7,Destiny,Hernandez,32,,50,12,62,105,36,17,,9,,,,
wp_859997bccddc,Sofia,Moschetti,32,,45,17,62,94,19,19,,1,,,,
wp_c80ca2fbb6df,Lotte,Boxsem,32,,32,17,49,67,19,30,,5,,,,
wp_ab738eeaa995,Kenzie,Searle,32,,37,9,46,83,13,21,,1,1,73.85,0,0.0
wp_c2f014898e85,Mia,Solorzano,29,,20,14,34,65,10,17,,3,,,,
wp_f52aebcaad15,Mia,Hatch,32,,16,15,31,43,13,18,,2,,,,
wp_ab064754beaa,Chandler,Burrell,32,,7,22,29,32,13,20,,1,,,,
wp_1caaf62d7344,Jade,Lonzo,29,,16,8,24,51,16,11,,3,,,,
wp_8f1a88f2a5a3,Hannah,Reekstin,19,,19,4,23,27,4,6,,0,,,,
wp_d19d064472d2,Delaney,Latham,32,,18,0,18,54,23,13,,5,,,,
wp_2cf8fb4ef577,Mikka,Von Scherr,30,,4,12,16,19,10,23,,2,,,,
wp_fdad24151577,Abby,Lockman,32,,12,3,15,44,7,11,,0,,,,
wp_bf43f8b3a6c4,Isabella,Schulze,28,,7,8,15,26,5,12,,1,,,,
wp_9042a14e60ef,Kendal,Santos,31,,4,9,13,18,11,15,,2,,,,
wp_c415b0ac96fb,Gabrielle,Zaretskiy,16,,6,3,9,13,7,6,,0,,,,
wp_add9666dc665,Stephanie,Hidalgo,16,,3,4,7,9,5,5,,2,,,,
wp_a4590892b954,Elise,Bliss,15,,3,3,6,8,4,3,,0,,,,
wp_5828bde28b8c,Alexandra,Ortiz,11,,0,6,6,0,6,0,,0,32,8.15,20,0.385
wp_c4dcb9dae377,Neida,Torres,15,,3,0,3,6,0,4,,0,,,,
wp_57e3ccf20be7,Renske,Boxsem,27,,0,1,1,1,26,1,,0,314,12.68,195,0.383
wp_4daeacd07bb8,Isabella,Walker,7,,0,1,1,0,0,0,,0,14,6.38,29,0.674
wp_4cf4830fc39c,Mira,Dravucz,26,,63,27,90,121,16,36,,3,,,,
wp_b9a7cd5bee8c,Sofia,Martinez,25,,45,18,63,103,35,12,,1,,,,
wp_fd467b980504,Sophia,Cooper,26,,30,25,55,80,30,41,,6,,,,
wp_118501354ea7,Ashley,Strickland,26,,27,25,52,86,20,36,,11,,,,
wp_79a2904e6d98,Ella,Furuholmen,26,,37,9,46,76,8,15,,1,,,,
wp_18d98c9da5c9,Lucie,Lapuz,26,,14,31,45,38,12,25,,2,,,,
wp_69e0e7a8996b,Marjorie,Krueger,25,,27,18,45,62,25,32,,3,,,,
wp_6c98add2eb37,Mackenzie,Wood,26,,19,20,39,50,20,16,,4,,,,
wp_0b8b9e191557,Jade,Cuevas,26,,8,25,33,19,17,24,,5,,,,
wp_e8126b41315e,Kianna,Melvin,18,,20,9,29,47,16,21,,1,,,,
wp_59664c64bdf8,Leah,Huisar,25,,10,14,24,26,8,5,,5,,,,
wp_7dafbe2fe8af,Raygan,Carroll,23,,15,7,22,35,3,7,,2,,,,
wp_99d605f51058,Claire,Summers,18,,3,17,20,14,6,7,,2,,,,
wp_b1da43f68ba4,Alexis,Smith,26,,7,11,18,15,16,18,,3,,,,
wp_4ecefcd9fcda,Dakota,Bumbaca,15,,3,13,16,15,5,14,,0,,,,
wp_82b9654a943d,Marin,Byars,11,,0,7,7,1,4,0,,0,,,,
wp_7b89cdd4f152,Erika,Staine,21,,2,5,7,8,27,1,,0,,,,
wp_76641a2d9f97,Abigel,Kiss,10,,3,0,3,12,1,2,,0,,,,
wp_de3102e7cd95,Kiana,Kellner,8,,0,1,1,2,5,0,,0,,,,
wp_c03e61845594,Elisa,Portillo,28,,74,54,128,145,40,26,,7,,,,
wp_a6459207d12b,Lucy,Miszewski,25,,67,36,103,129,30,23,,4,,,,
wp_208f416bde88,Chiara,Amoroso,28,,62,22,84,127,24,15,,7,,,,
wp_5ac49e94f661,Rita,Gurri,24,,37,22,59,78,20,31,,6,,,,
wp_da1bdcfd7d08,Daniela,Quinzada,28,,36,5,41,73,11,12,,1,,,,
wp_c9e335eed3c3,Angeliki,Arroyo,25,,15,23,38,34,6,7,,0,,,,
wp_b528d0c2067f,Zelma,Koka,28,,14,16,30,44,8,18,,2,,,,
wp_229df6244be3,Elyana,Goren,28,,15,15,30,31,14,43,,3,,,,
wp_8b9676e9ec7d,Gaby,Patenaude,28,,29,1,30,71,3,14,,3,,,,
wp_646e3b14cf59,Hailey,Multz,27,,5,21,26,15,13,17,,0,,,,
wp_3ac70ebfb775,Grace,Cuozzo,20,,6,15,21,18,7,20,,1,,,,
wp_e85949fd752a,Jermonie,Billingsly,28,,19,2,21,51,6,13,,1,,,,
wp_7eadf14b2f51,Brooklyn,Plomp,18,,8,6,14,26,10,13,,0,,,,
wp_6d148df2d0e4,Ronny,Gazit,19,,4,8,12,10,9,23,,5,,,,
wp_7e6ab5dd99e6,Polina,Synytsia,26,,0,9,9,0,19,0,,0,,,,
wp_21cefc17e2f9,Emma,Seehafer,25,,5,4,9,17,3,16,,6,,,,
wp_eac182e6f0f7,Emelia,Rasner,13,,5,2,7,10,2,7,,0,,,,
wp_219f10376aac,Jaeden,Baker,17,,1,4,5,4,1,0,,1,,,,
wp_70b553a92c7f,Morgan,Payne,7,,0,2,2,0,1,2,,0,,,,
wp_73bb368c8650,Charlotte,Echlin,8,,0,1,1,0,3,0,,0,,,,
wp_b8e718e8e295,Emma,Vertiz,8,,0,1,1,3,2,1,,0,,,,
wp_717ac447d340,Kayla,Melville,3,,0,0,0,0,1,0,,0,,,,
wp_00e06fca7326,Heidi,Heffelfinger,2,,6,2,8,13,1,5,,0,,,,
wp_72184c22ef5e,Niki,Piovan,2,,3,3,6,10,0,2,,3,,,,
wp_5aa72c85bb29,Maya,O'Dea,2,,5,0,5,12,1,4,,0,,,,
wp_b5cbdbeadce1,Lucy,Berkman,2,,2,0,2,4,0,1,,1,,,,
wp_d3b7cf013ef7,Emma,Gilbert,2,,0,2,2,6,1,2,,1,,,,
wp_41b3abb59474,Petra,Klemm,2,,1,0,1,1,0,0,,1,,,,
wp_68144d782783,Lucy,Levenberg-Penklis,2,,1,0,1,4,0,0,,0,,,,
wp_6115d1c6d0b3,Ella,Schneider,2,,1,0,1,6,0,2,,2,,,,
wp_4dd79c428e92,Sofia,Del Villar,2,,0,1,1,7,3,0,,1,,,,
wp_391d50879691,Lily,Britt,2,,0,0,0,6,0,3,,0,,,,
wp_a4769b02af28,Orli,Cooper,2,,0,0,0,0,1,0,,0,15,6.86,30,0.667
wp_1688bd0ce037,Serafina,Cortez,2,,0,0,0,0,1,0,,0,,,,
wp_2238ccf8d416,Beatrice,Hearey,2,,0,0,0,1,0,0,,0,,,,
wp_fe67f5a4a854,Sofia,Wang,2,,0,0,0,0,0,0,,0,,,,
wp_30962e3417fa,Sadie,Sallas,26,,72,7,79,155,18,26,,9,,,,
wp_94d8e1e668a6,Lola,Trujillo,26,,47,25,72,101,52,22,,11,,,,
wp_0ecb0c2cb62a,Nicole,Morrison,26,,19,27,46,43,9,24,,4,4,32.0,0,0.0
wp_eadcd2b78931,Olivia,Weissman,26,,34,9,43,80,10,19,,5,,,,
wp_31d58231553f,Grace,Goldhammer,26,,32,10,42,63,10,14,,4,4,16.0,0,0.0
wp_924361a1bb67,Maleah,Penman,26,,21,19,40,56,5,17,,2,,,,
wp_94749a422783,Fiona,Rowe,26,,20,15,35,63,10,33,,6,,,,
wp_64563fdfdacc,Vanessa,McNabb,20,,13,5,18,30,6,13,,1,,,,
wp_29c236ade55c,Bailey,Desmond,26,,10,8,18,31,6,10,,2,,,,
wp_a3833d5952b7,Blaize,Penso,24,,8,8,16,15,8,6,,2,23,17.12,10,0.303
wp_7335530e96ef,Mikayla,Arthur,25,,10,2,12,17,5,10,,4,,,,
wp_bd17fd1e2698,Ella,Ferguson,21,,6,6,12,9,3,6,,0,,,,
wp_f1547135b36c,Anna,O'Malley,22,,6,3,9,18,0,5,,1,,,,
wp_6d4875d7e5e4,Alyson,DePalma,21,,3,5,8,7,0,4,,0,,,,
wp_b73ecbd71d3b,MJ,Metzdorf,25,,0,8,8,3,29,1,,0,288,14.12,129,0.309
wp_413272240c4c,Sarah,Snider,20,,5,0,5,8,1,6,,1,,,,
wp_549597874dc3,Catherine,Williamson,18,,63,15,78,134,25,15,,15,,,,
wp_be53e1025201,Rebecca,Currie,18,,34,6,40,66,12,14,,5,,,,
wp_bb59009f92e7,Quincy,Frommelt,18,,34,4,38,91,11,21,,4,,,,
wp_099f8c3e7576,Parker,Thomas,18,,11,22,33,28,21,24,,5,,,,
wp_6ffda4a229c1,Jade,Arnold,18,,13,18,31,28,14,11,,1,,,,
wp_e00a881b9cb6,Lucia,Fernandez Caballero,17,,8,14,22,44,18,16,,1,,,,
wp_3a297ed7f882,Georgia,Ellison,18,,5,15,20,26,11,29,,9,,,,
wp_02c89a5c29ff,Audrey,Lacey,17,,5,5,10,13,10,17,,1,,,,
wp_a120021ad150,Bianca,Kennerley,18,,4,1,5,14,5,9,,1,,,,
wp_b9433cbf8487,Keygan,Monahan,7,,3,2,5,8,1,1,,0,,,,
wp_5394b1212915,Ava,Pawlik,11,,2,1,3,6,3,9,,1,,,,
wp_c5ca40962911,Ava,Vesey,11,,2,1,3,8,1,2,,0,,,,
wp_c676588abea8,Savana,Slaughter,15,,0,3,3,0,6,3,,0,199,14.76,93,0.318
wp_d3eda5d1e452,Allyson,Ricciardi,16,,2,0,2,9,5,6,,1,,,,
wp_6d882cf301cd,Sawyer,Weakland,5,,1,1,2,2,0,1,,0,,,,
wp_47e769c1424d,Julia,Hough,8,,0,1,1,0,4,0,,0,60,12.27,41,0.406
wp_7f147a9d6489,Sarah,Tenney,8,,0,1,1,5,0,3,,0,,,,
wp_41bf5a684286,Annika,Hayduchok,3,,0,0,0,0,0,0,,0,,,,
wp_d431f10d1900,Sienna,Hoff,5,,0,0,0,0,0,2,,0,,,,
wp_689114f7974d,Jalia,Kacsh,4,,0,0,0,1,0,1,,0,,,,
wp_2a5985d6e4b9,Hailey,Andress,25,,66,22,88,146,17,15,,5,,,,
wp_7b821caff1d9,Riaan,Bryant,25,,43,24,67,92,10,14,,8,,,,
wp_1aae24b0442f,Charley,Stephens,25,,41,24,65,87,17,16,,8,,,,
wp_bc43768510f0,Kira,Anderson,25,,36,20,56,80,18,17,,1,,,,
wp_abe90b89efd8,Susanna,Martinez,22,,17,23,40,33,15,19,,3,,,,
wp_8a262f11f9fa,Marit,van der Kolk,25,,20,19,39,54,13,9,,2,,,,
wp_32d289c58375,Megan,Cranley,25,,10,17,27,28,31,28,,3,,,,
wp_ad8e3ade95cf,Noa,Markovsky,18,,16,11,27,38,5,19,,2,,,,
wp_974c2909bf52,Georgia,Daly,25,,24,2,26,44,7,5,,0,,,,
wp_556adfca6d22,Charli,Muñoz,23,,9,12,21,21,8,4,,2,,,,
wp_d053e4f644fd,Sidney,Strickland,25,,12,7,19,29,5,16,,4,,,,
wp_4f6748ee4cd7,Katya,Aleshina,21,,14,5,19,32,3,11,,2,,,,
wp_a7b3a0e71e12,Ashley,Williams,25,,14,2,16,25,14,16,,1,,,,
wp_d11b35f7454e,Caitlyn,Mossman,25,,12,3,15,29,10,10,,1,,,,
wp_a872af878f81,Alice,Johnson,21,,5,7,12,12,5,3,,1,,,,
wp_51343acb72ce,Marley,Garwick,7,,5,6,11,5,1,1,,2,,,,
wp_c547bc39b920,Tu'ua,Cravens,7,,0,4,4,2,1,2,,0,,,,
wp_e548209e0350,Katelyn,Mobley,24,,0,3,3,10,28,0,,0,,,,
wp_016b1a511faa,Islay,Martin-Hill,9,,0,0,0,2,7,0,,0,,,,
wp_3b0150795dd3,Victoria,Mastrangelo,11,,10,7,17,35,5,5,,0,,,,
wp_d74bfaa294b6,Bailey,Dunn,11,,8,4,12,30,5,6,,3,,,,
wp_528811148e88,Marley,Hanlon,11,,8,4,12,29,4,4,,2,,,,
wp_956af84ad2d4,Krista,Domaracki,11,,7,4,11,29,7,4,,1,,,,
wp_23c50aa0d75c,Bri,Allstun,11,,6,5,11,30,3,9,,1,,,,
wp_2acd22f328ef,Freya,Green,11,,5,5,10,21,13,21,,1,,,,
wp_1520a13fef48,Mercedes,Feliciano Fernandez,11,,5,4,9,11,1,5,,0,,,,
wp_cc4a301d85c8,Adriana,Boltes Moragues,11,,6,2,8,27,2,7,,0,,,,
wp_bbadc7d3cb50,Alexa,Corrao,11,,5,3,8,12,2,4,,0,,,,
wp_f451847ea730,Joey,Roedl,11,,3,1,4,9,1,2,,1,,,,
wp_000cf605859d,Kate,Martin,11,,2,0,2,7,1,2,,0,,,,
wp_136c512dcc18,Maryn,King,11,,0,2,2,2,1,9,,1,,,,
wp_dfb61515419f,Gina,Adiutori,11,,1,0,1,5,1,1,,0,,,,
wp_ec50a1a1ab1d,Eva,Henneman,11,,0,1,1,6,0,2,,0,,,,
wp_8b34caa6242d,Gianna,Boscacci,11,,0,0,0,4,7,1,,0,162,14.73,93,0.365
wp_724ba18fba9b,McKenzie,Diplacido,11,,0,0,0,2,0,0,,0,,,,
wp_c0310c45c54c,Molly,Langridge,11,,0,0,0,3,0,2,,0,,,,
wp_1e9be6e64ef8,Emison,Styris,23,,39,34,73,81,15,6,,12,,,,
wp_258c8a59e7f5,Sophia,DeMattia,23,,18,49,67,56,18,7,,2,,,,
wp_9a2753ee6777,Anna,Tarantino,23,,44,14,58,86,17,8,,18,,,,
wp_19b879bc084c,Chelsea,Isaac,23,,24,13,37,67,11,9,,2,,,,
wp_49473bb5a515,Carolina,Magano,23,,21,16,37,57,13,9,,7,,,,
wp_23f8384827e2,Cianne,Benjamin,23,,32,4,36,58,16,6,,6,,,,
wp_58a71946c346,Cila,David,23,,20,16,36,44,12,6,,4,,,,
wp_b2c5f86d983a,Brooke,Tora Gil,23,,26,5,31,61,17,17,,6,,,,
wp_e9a7bdb15baa,Kawehi,Kauahi,23,,13,17,30,44,13,8,,3,,,,
wp_a7d0ec17dc4d,Noa,Sasover,23,,20,4,24,38,6,7,,1,,,,
wp_30c0c637ed32,Ruby,Meier,18,,9,7,16,16,4,0,,2,,,,
wp_e0ac1613cab9,Carla,Rivera,21,,5,7,12,12,3,1,,2,,,,
wp_ecdcd3b43910,Sydney,Chapman,18,,4,8,12,7,5,3,,0,,,,
wp_fa4e2ac7f850,Athena,Ayers,22,,5,4,9,16,3,3,,2,,,,
wp_77b0ef084d01,Lily,Larson,22,,4,5,9,11,5,1,,0,,,,
wp_81b0e8c21b1e,Madison,Searle,21,,0,9,9,0,7,0,,0,133,7.66,162,0.549
wp_af10214650cf,Payton,Schrier,17,,6,1,7,11,5,2,,1,,,,
wp_e3aa06a9470c,London,Boyd,22,,4,3,7,17,2,7,,2,,,,
wp_73f9aa0b4afe,Dunara,Senadheera,17,,1,2,3,5,1,2,,0,,,,
wp_41d18f61b83d,Gabby,MacAfee,5,,0,3,3,0,0,0,,0,9,7.88,15,0.625
wp_d1fd12ce1385,Rylee,Harrington,5,,2,0,2,4,2,1,,1,,,,
wp_a6537c27303a,Tatum,Roistacher,9,,0,1,1,1,0,0,,1,17,4.91,24,0.585
wp_d48ea5aeaa00,Megan,Chambliss,22,,37,9,46,83,13,15,,1,0,0.0,0,0.0
wp_2be3a39c47f3,Chloe,Rizof,21,,30,14,44,92,14,21,,1,,,,
wp_87da2659d8dc,Sydney,Maccabe,21,,9,29,38,59,23,15,,12,,,,
wp_738e88292c96,Mia,Barkett,21,,16,17,33,46,4,17,,1,,,,
wp_283046137a69,Calla,Troxel,21,,17,9,26,43,9,11,,0,,,,
wp_5919b6eb2f17,Evelyn,McLaughlin,21,,17,8,25,45,3,13,,0,,,,
wp_87255c42cca2,Mikayla,Crowe,21,,12,11,23,36,12,14,,4,,,,
wp_4ab50565b93d,Khloe,Tarbet,21,,14,3,17,39,7,13,,1,,,,
wp_fdcdb419623b,Avary,Torres,17,,4,13,17,31,3,15,,0,,,,
wp_063dff3c4463,Hailey,Romano,21,,16,0,16,46,11,4,,1,,,,
wp_86ca9b8feb14,Annika,Burks,21,,7,6,13,29,12,21,,8,,,,
wp_1297b4f27510,Haley,Tassell,21,,0,13,13,10,20,0,,0,264,13.85,174,0.397
wp_70b51dd90552,Airi,Seib,21,,4,5,9,18,4,5,,0,,,,
wp_8d2cd4876d40,Makenna,Genco,13,,5,2,7,13,0,10,,1,,,,
wp_aa54e1d7e41d,Julia,Ernsting,21,,4,3,7,8,3,5,,0,,,,
wp_d3dac7555542,Lia,Lakis,17,,4,3,7,18,6,7,,0,,,,
wp_aeea1922f09d,Reese,Artura,11,,3,1,4,8,0,0,,0,,,,
wp_d642f6755ca7,Ava,Wells,11,,0,2,2,1,2,0,,0,,,,
wp_f44bc14326b4,London,Menard,10,,0,1,1,2,0,1,,0,,,,
wp_4b8a1f781316,Fritzi,Warneke,6,,0,1,1,1,4,0,,0,33,17.6,10,0.233
wp_d4096738095d,Mia,Amberger,35,,57,47,104,138,34,21,,8,,,,
wp_16d541bc7619,Brienz,Lang,35,,37,22,59,84,21,17,,1,,,,
wp_7d5838572896,Lisbon,Zeigler,35,,22,31,53,56,16,28,,0,,,,
wp_81bc6e4ac0e5,Katie,Hugar,35,,39,12,51,110,20,10,,0,,,,
wp_19b5403d2573,Natalie,Sullivan Wu,36,,29,16,45,63,12,18,,2,,,,
wp_8f614791b788,Sydney,Bowns,35,,30,14,44,85,24,25,,4,,,,
wp_38ceb3ab4372,Ayva,Magna,35,,39,2,41,76,16,14,,3,,,,
wp_948509fa30e9,Layla,Szymczak,35,,24,17,41,78,17,19,,4,,,,
wp_d25db8cab9ba,Kailoa,Kerber,36,,30,6,36,54,25,5,,0,,,,
wp_859b8a745036,Ava,Gurney,36,,23,11,34,32,14,11,,4,,,,
wp_496dc6b6a02e,Celia,Young,36,,21,13,34,51,29,19,,3,,,,
wp_6063a601c7a2,Sara,Archer,36,,15,14,29,46,4,7,,2,,,,
wp_0933ca19ceb1,Bella,McGowan,36,,13,15,28,43,15,8,,2,,,,
wp_37f173e7b908,Chloe,Mei Espinosa,35,,15,12,27,32,24,19,,2,,,,
wp_1dbd00a70b98,Sophia,Berger,36,,13,13,26,27,8,5,,0,,,,
wp_0fa8304d951b,Gabby,Lewis,36,,11,15,26,34,25,26,,3,,,,
wp_6e2150e398da,Paityn,Richardson,35,,19,1,20,44,8,6,,1,,,,
wp_3608c29ec2bb,Rasma,Rotsart,36,,10,5,15,17,4,8,,0,,,,
wp_b0047eff0153,Isabelle,Nicole,36,,8,3,11,15,4,6,,1,,,,
wp_6fd198832367,Vivienne,Wood,19,,0,9,9,3,16,1,,1,117,17.8,69,0.371
wp_b7af2c9ca030,Isabella,Dova,26,,0,8,8,3,43,6,,0,223,13.44,174,0.438
wp_8a485f249749,Lauren,Valentin,35,,2,5,7,5,4,1,,0,,,,
wp_0743fbd388e5,Emma,Jackson,36,,2,4,6,6,5,5,,2,,,,
wp_9b8f8748adea,Natalie,Ascorra,36,,1,3,4,7,1,7,,0,,,,
wp_f42575f21385,Ella,Debenham,12,,0,1,1,0,3,0,,0,26,6.3,36,0.581
wp_82d1f9506678,Anna,Gaisser,3,,6,6,12,14,4,1,,1,,,,
wp_b2d305bb1d72,Jess,Palmer-Sammons,3,,6,5,11,18,2,0,,0,,,,
wp_4874c0e022cf,Alana,Nadolski,3,,5,3,8,11,0,1,,1,,,,
wp_6876331f83c8,Lorelei,Bell,3,,6,0,6,20,1,3,,0,,,,
wp_aedb8f016b16,Kendall,Strauss,3,,5,1,6,7,1,4,,1,,,,
wp_c1d9fdc8f55e,Reese,Winegar,3,,5,1,6,14,7,4,,0,,,,
wp_09261c8f76b4,Hannah,Fasi,3,,1,2,3,5,2,4,,1,,,,
wp_db64ea7d1abf,Mak,Kratz,3,,1,0,1,6,2,0,,0,,,,
wp_f8527e907cb6,Jayden,Kratt,3,,0,0,0,0,2,0,,0,19,6.33,37,0.661
wp_b1f54dc423c4,Alice,Lemmon,3,,0,0,0,6,3,4,,0,,,,
wp_570773c1204d,Molly,Lemmon,3,,0,0,0,0,0,0,,0,,,,
wp_8db59b0a4093,Katie,Martin,3,,0,0,0,0,1,1,,0,,,,
wp_3ec2a43dc072,Ayla,Reynolds,3,,0,0,0,0,0,0,,0,,,,
wp_9e37289c1130,Ryanna,Ritting,20,,30,18,48,125,60,16,,3,,,,
wp_96ab54261117,Avary,Guge,20,,14,22,36,62,29,21,,6,,,,
wp_ea868c0a5507,Claudia,Gagné,20,,22,7,29,90,23,23,,0,,,,
wp_b5c1f26b8628,Sophia,Romo,20,,10,4,14,53,11,18,,1,,,,
wp_992a5102a2bf,Issabel,Babikova,20,,5,9,14,32,8,13,,1,,,,
wp_7c3baa9933ab,Toni,Munguia,17,,5,7,12,24,12,12,,1,,,,
wp_3710029a1233,Mackenzie,Kirby,20,,5,1,6,36,8,15,,1,,,,
wp_70b941e99c2a,Josephine,Basco,12,,1,5,6,6,5,3,,0,,,,
wp_6b87eadd5348,Isobelle,Jennings,20,,0,5,5,9,30,4,,0,,,,
wp_1d5cc1aad2e6,Fiona,Swift,18,,4,0,4,12,2,2,,0,15,30.0,0,0.0
wp_fc3c9155c64a,Amelia,Brown,13,,3,1,4,16,4,4,,0,59,114.19,7,0.106
wp_68b3d13b304d,Anduena,Kraja,18,,0,3,3,3,17,1,,0,295,19.98,195,0.398
wp_c36c9a94b0c8,Scout,Lowrie,7,,0,0,0,0,1,0,,0,,,,
wp_69e41d7a0eac,Audrey,Dexter,29,,59,26,85,130,17,19,,2,,,,
wp_002036fce10f,Jessie,Nelson,29,,77,7,84,139,12,13,,2,,,,
wp_6cd969146a90,Montana,George,27,,55,28,83,99,29,34,,5,,,,
wp_566d46594ca2,Bailey,Hollick,29,,63,9,72,124,12,4,,1,,,,
wp_63b7187b406f,Evelyne,Prado,29,,29,25,54,72,11,22,,1,,,,
wp_712293bee82f,Kori,Cunningham,29,,27,21,48,59,30,15,,5,,,,
wp_66a3aad25257,Jaeden,Johnson,29,,11,33,44,44,13,37,,2,,,,
wp_33cfa9f0f902,Kohia,Rego,29,,16,26,42,55,15,27,,9,,,,
wp_15c4fec9a91f,Sofia,Vetuli,29,,8,10,18,24,9,25,,2,,,,
wp_decf9a89442d,Annabelle,Gould,29,,6,10,16,9,4,5,,3,,,,
wp_d339ab06aa31,Daniela,Herrero Miralles,22,,4,8,12,22,14,0,,0,260,15.28,197,0.431
wp_461d094c6b9a,Stacy,Stroud,29,,1,4,5,11,3,10,,0,,,,
wp_dc2be94a5734,Madilyn,Nim,7,,0,3,3,0,3,0,,0,15,8.65,14,0.483
wp_2f3904c2737e,Olivia,Ocampo,29,,1,1,2,10,0,5,,0,,,,
wp_3dd7e451a9e5,Avery,Reyes,7,,0,1,1,0,2,0,,0,19,12.67,14,0.424
wp_9ff4248d5173,Kayla,Tweed,10,,0,1,1,0,6,0,,0,27,5.38,38,0.585
wp_e67b2f1b6f49,Gwendolyn,Pidd,29,,67,14,81,123,29,34,,10,,,,
wp_d7c3b5e93d0e,Ava,LoBue,29,,41,35,76,117,18,20,,4,,,,
wp_fe10ec2f5469,Destiny,Moreno,29,,38,20,58,102,17,33,,2,,,,
wp_afe66a1abbab,Myah,Ibarra,29,,17,36,53,77,23,21,,2,,,,
wp_2eea5e629656,Stephanie,Rodriguez,29,,32,17,49,79,15,11,,4,,,,
wp_ee9a0d5e4795,Mia,Mulhall,29,,16,24,40,67,15,29,,6,,,,
wp_e3ecf1f74846,Annabella,Rapp,29,,32,3,35,83,8,19,,2,,,,
wp_0f4aeb35f751,Alyah,Ibarra,29,,20,13,33,47,11,19,,1,,,,
wp_5236545980f0,Karly,Lepel,29,,11,8,19,40,5,28,,2,,,,
wp_93bf36e77a00,Sofia,Lazzarini Orlandi,29,,11,6,17,37,5,17,,2,,,,
wp_3dfadfb7b424,Yalissa,Tellez,29,,5,6,11,12,5,8,,1,,,,
wp_8d51562d4aa2,Savannah,Rapp,29,,4,7,11,11,4,31,,1,,,,
wp_705f16b475c9,Alyssa,Cuevas,29,,8,2,10,15,0,13,,0,,,,
wp_5a2851447ee0,Kajsa,Brown,28,,7,1,8,17,1,8,,1,,,,
wp_9e8cbb2622d6,Fernanda,Luna,29,,2,3,5,6,29,2,,0,225,10.72,229,0.504
wp_e2755c507664,Berlynn,Mani,9,,1,3,4,3,1,4,,1,,,,
wp_7570a4a6a453,Marissa,Brock,28,,2,0,2,12,0,9,,1,,,,
wp_a5e3ba488a74,Devon,Coppes,28,,2,0,2,6,1,8,,0,,,,
wp_7f64e6c0e988,Ennovi,Dominguez,11,,1,0,1,5,3,2,,1,,,,
wp_a81615e448cc,Emily,Guedel,28,,1,0,1,1,0,0,,0,,,,
wp_35aabf1e8aba,Ava,Gatewood,3,,0,0,0,0,0,0,,0,,,,
wp_dfa4c0776473,Clara,McKee,16,,0,0,0,1,9,0,,0,94,12.13,65,0.409
wp_275ff75af882,Maggie,Cook,28,,36,25,61,114,30,42,,3,,,,
wp_c064a1c58930,Dakota,Lambert,28,,44,13,57,104,19,24,,8,,,,
wp_2dc3edd17849,Emma,Cook,28,,47,8,55,116,30,15,,6,,,,
wp_f5f6aa59fb9f,Regan,Azevedo,28,,31,15,46,74,29,36,,7,,,,
wp_863058ebfa36,Sierra,Coyne,28,,18,21,39,72,31,20,,4,,,,
wp_e363f2ad0426,Frances,Benson,28,,13,13,26,48,12,23,,0,,,,
wp_f5b32e83cfd8,Sofia,DeRollo,28,,12,11,23,57,12,17,,3,,,,
wp_ecde26fa777d,Kennedy,Green,28,,3,10,13,19,8,5,,0,,,,
wp_8f5858497ec4,Davin,Collazo,28,,5,3,8,18,10,5,,0,,,,
wp_f20631139229,Summer,Fulton,28,,7,0,7,28,7,10,,1,,,,
wp_386d9b3c0ed0,Autumn,Johnson,28,,2,5,7,12,5,5,,3,,,,
wp_e54dd7674616,Evalena,Filippi,28,,1,4,5,10,28,2,,0,407,21.19,201,0.331
wp_17c9cbdf9f9e,Trinity,Aceves,28,,2,2,4,12,4,2,,0,,,,
wp_c691c23f0c97,Delaney,Margullis,28,,2,2,4,12,5,9,,2,,,,
wp_365c54d618fe,Rhyan,Atkin,28,,0,2,2,6,7,2,,0,,,,
wp_6051f7f15043,Olivia,Saldate,28,,0,1,1,6,0,2,,0,,,,
wp_0fb21a4220a4,Abigail,Hughes,28,,0,0,0,9,2,2,,0,,,,
wp_eee4ab651660,Mackenzie,Sepeda,28,,0,0,0,0,3,0,,2,,,,
wp_65060b60f9ca,Maria,Martinez,20,,65,23,88,125,23,17,,3,,,,
wp_5dfd4f4cc175,Claudia,Orte Blanch,20,,32,17,49,73,8,19,,1,,,,
wp_8356a5e0c83b,Molly,Fehr,20,,29,13,42,57,13,18,,0,,,,
wp_a539237f0e17,Brigid,Carmody,20,,22,16,38,47,10,11,,2,,,,
wp_bb011c6567f5,Carissa,Jones,20,,25,11,36,57,14,22,,4,7,11.02,6,0.462
wp_f8facb844407,Emma,O'Gorman,20,,19,9,28,32,8,12,,0,,,,
wp_5b803fbd58da,Kerstyn,Farley,20,,23,2,25,37,1,15,,1,,,,
wp_833faa1ddf98,Emily,Feenstra,20,,10,10,20,23,3,9,,1,,,,
wp_eb557558a29b,Ana,Carrera,20,,8,9,17,20,3,12,,4,,,,
wp_5a29914e042f,Delaney,Chrysle,20,,9,7,16,26,7,17,,3,,,,
wp_ff4e8d3930c6,Jillian,Heinrich,20,,10,5,15,17,2,5,,2,,,,
wp_1576a84d0bec,Izabella,Trunzo,20,,0,14,14,14,13,3,,1,259,16.86,165,0.389
wp_a816e5c83aab,Phoebe,Puacz,20,,11,2,13,21,7,3,,1,,,,
wp_2939d267876a,Abbey,Murphy,20,,2,4,6,11,1,6,,1,,,,
wp_256260f7a0d2,Joey,Rebelo,29,,41,35,76,99,38,29,,8,,,,
wp_72151acfde4b,Shanelle,Márquez,29,,50,21,71,118,36,31,,5,,,,
wp_4f265d08a7f9,Bella,Morquecho,29,,58,6,64,122,15,26,,1,,,,
wp_302092b43076,Hailey,Munoz,29,,35,14,49,67,16,54,,4,,,,
wp_42a14e51846a,Dylan,Murphy,29,,19,25,44,53,24,36,,5,,,,
wp_d216515739e7,Jazmine,Sandoval,29,,19,23,42,56,29,17,,5,1,40.0,0,0.0
wp_a4e8d5ba42cc,Mikayla,Brown,29,,17,10,27,42,25,19,,2,,,,
wp_2677c1479f3a,Charlie,Monroe,27,,23,2,25,66,6,13,,2,,,,
wp_8838d314d88f,Maisie,Mattocks,28,,15,9,24,49,4,14,,0,2,0.0,0,0.0
wp_2629e47194ae,Kaitlyn,Goins,28,,9,8,17,19,8,11,,2,,,,
wp_d9a5b045fbb0,Emma,Cramer,29,,7,9,16,21,14,17,,0,,,,
wp_7a9315f46bd0,Allie,Diller,29,,4,10,14,22,11,36,,4,,,,
wp_441cae3ff444,Adrienne,Densham,6,,2,0,2,4,0,0,,0,,,,
wp_bbdf202d816c,Victoria,Goncalves,12,,2,0,2,8,1,7,,0,,,,
wp_7957396ac0bc,Ryenne,Ayers,18,,1,1,2,7,4,4,,2,,,,
wp_dc801b51c5e3,Kieryn,Blayone,8,,1,1,2,2,2,2,,0,,,,
wp_3d527af7254c,Emma,Dore,8,,1,1,2,2,0,3,,0,,,,
wp_49bf5eff5dce,Madeline,McGovern,9,,1,1,2,3,1,3,,0,,,,
wp_141a466ea356,Daisy,Wetherholt,12,,0,2,2,1,11,1,,0,206,17.53,87,0.297
wp_6e7c568a9c93,Morgan,Clark,6,,1,0,1,4,0,2,,0,,,,
wp_3a41f8b58642,Payton,Dowler,10,,0,1,1,0,0,6,,0,,,,
wp_3c1ae7f70637,Delaney,Judkins,16,,0,0,0,1,33,0,,0,250,15.47,145,0.367
wp_1842efe3f5c9,Sarah,Velazco,5,,0,0,0,0,0,1,,0,,,,
wp_a3851d30f2d4,Elizabeth,Zurawski,2,,0,0,0,0,1,1,,0,25,20.0,5,0.167
wp_39a717c607a6,Emma,Blezien,13,,20,12,32,45,8,6,,0,,,,
wp_7752330ae170,Anais,Jones,13,,23,7,30,44,12,13,,3,,,,
wp_d5321de30732,Waiahuli,Akau,12,,20,7,27,40,5,7,,7,,,,
wp_4d05a1eb7c0c,Hailey,Sherman,13,,10,15,25,22,12,2,,1,,,,
wp_fc407e11cb98,Braelyn,Hill,13,,16,7,23,22,13,11,,1,,,,
wp_a7bb5b740c9b,Abigail,Gatlin,13,,11,12,23,19,10,9,,1,,,,
wp_dc47e46056f4,Jersey,Merrick,13,,14,7,21,32,4,5,,1,,,,
wp_6f88dcc0e9be,Cindy,King,13,,13,2,15,20,0,2,,1,,,,
wp_777274c9b178,Mary,King,13,,4,9,13,9,5,3,,1,,,,
wp_2b8accc4d4f6,Anita,Rodgers,13,,4,8,12,19,4,1,,1,,,,
wp_0568318ed16b,Maya,Biela,13,,4,7,11,7,8,8,,1,,,,
wp_3353ec18b9e0,Carli,Udovich,13,,7,3,10,12,4,5,,0,,,,
wp_e976b3ed732d,Alayna,Ickert,13,,6,1,7,15,2,2,,1,,,,
wp_ddb740fde75b,Sofia,Boccalatte,13,,4,3,7,8,2,0,,1,,,,
wp_a7805edf5324,Olivia,Parry,13,,2,5,7,11,2,5,,0,,,,
wp_3ccf1aaf40ec,Susan,Palmentera-Reid,11,,0,7,7,13,29,2,,0,91,9.75,113,0.554
wp_ad42e4d0b6a0,Xiomara,Trejo,11,,3,3,6,6,2,2,,0,,,,
wp_03045670616f,Eleni,Nicoloudes,2,,0,6,6,0,1,0,,0,3,2.4,9,0.75
wp_3ac4def005aa,Becca,Foster,10,,5,0,5,7,1,2,,1,,,,
wp_ee0633afd5a5,Elly,Jo Fay,13,,3,1,4,8,3,3,,2,,,,
wp_752ca569a153,Simone,Cairns,11,,3,0,3,3,1,0,,0,,,,
wp_baa44a36fd7d,Jorja,Neumann,13,,1,0,1,2,3,0,,1,,,,
wp_d8c7b0845ad9,Jillian,Hemming,1,,0,1,1,0,0,0,,0,8,8.0,11,0.579
wp_e62f638a48a2,Aneeka,Sumanatilleke,10,,0,0,0,0,0,0,,0,,,,
wp_2629c811dd16,Mia,Mutadich,18,,56,12,68,148,27,12,,5,,,,
wp_5c92eeaf8e9e,Maya,Dickson,18,,33,17,50,82,24,18,,14,,,,
wp_0fdab60556ac,Emma,Titus,18,,13,17,30,43,28,6,,1,,,,
wp_f3d60a848195,Kylin,Elliott,18,,13,16,29,54,28,15,,4,,,,
wp_4d7d783f97aa,Madelyn,Gilbert,18,,10,16,26,31,29,16,,9,,,,
wp_86d84fd882db,Lily,Arjomand,18,,2,6,8,10,6,10,,1,,,,
wp_a67ae2a881fd,Medha,Ravi,17,,3,3,6,33,5,13,,2,,,,
wp_9ffda9d72984,Trisha,Sabadra,18,,3,1,4,14,4,5,,1,,,,
wp_d25e558eaff5,Cecilia,Moxley,14,,0,1,1,0,11,1,,0,88,15.47,25,0.221
wp_bed765298f02,Yolotzin,Subdias,13,,0,1,1,3,3,3,,0,,,,
wp_273e1d4603f4,Maya,Edelstein,13,,0,0,0,1,0,0,,0,,,,
wp_cb1a8df68014,Diya,Kumar,13,,0,0,0,0,0,0,,0,,,,
wp_754d2746fa65,Aarohi,Patel,15,,0,0,0,1,1,1,,1,,,,
wp_52666d82cd03,Mahi,Ravi,18,,0,0,0,1,14,0,,0,169,14.7,79,0.319
wp_870de7478354,Lauren,Lohmeier,26,,58,15,73,102,5,10,,1,,,,
wp_4638bf1a99ef,Aleaha,Gonzalez,26,,48,15,63,101,22,35,,1,,,,
wp_68718c5da676,Kelsee,Espitia,26,,30,30,60,62,18,16,,0,,,,
wp_52277c27640e,Olivia,Hurley,26,,43,2,45,88,16,17,,0,,,,
wp_6dd6d51086a1,Hudson,Geier,26,,20,21,41,60,15,14,,2,,,,
wp_68f7aac63e20,Chloe,Gardhouse,26,,12,22,34,38,24,7,,1,,,,
wp_fa5894c8e36a,Clarisa,Robles,26,,21,11,32,51,11,19,,4,,,,
wp_da302fb0f770,Franki,Court,26,,17,13,30,54,13,18,,0,,,,
wp_28a507f101a9,Jacqueline,Brandon,26,,22,3,25,47,11,7,,2,,,,
wp_5d6630704147,Reyna,Clark,26,,14,9,23,38,30,32,,7,,,,
wp_e31ac4ec4d49,Sophie,Raquel,17,,0,16,16,0,11,1,,0,72,10.1,67,0.482
wp_f03c2f37cc91,Waileia,Lee,26,,10,4,14,21,3,8,,2,,,,
wp_0b34bd646ccb,Izzy,de Souza,25,,2,12,14,14,27,0,,0,193,12.34,185,0.489
wp_d74a52bc5450,Gabby,Gillott,26,,3,7,10,20,5,16,,4,,,,
wp_061591f7c8f8,Natalie,Favazzo,26,,3,6,9,8,14,19,,5,,,,
wp_69eaaadd55f8,Miranda,Miller,26,,4,3,7,12,3,8,,1,,,,
wp_2302b3125f20,Jocelyn,Cruz,26,,4,2,6,14,8,11,,1,,,,
wp_94b62c928f60,Mak,Werner,12,,16,16,32,36,10,11,,2,,,,
wp_c02c88fd8f4b,Kamille,Graham,12,,22,8,30,50,17,14,,5,,,,
wp_188c9675657b,Brenna,Carstens,12,,20,10,30,41,9,17,,2,,,,
wp_eec27f1846f6,Grace,Steinberg,12,,24,4,28,56,11,14,,7,,,,
wp_07e5b8195f63,Kiera,Crawley,12,,13,8,21,30,7,19,,0,,,,
wp_876883b31f87,Yamila,Areizaga,12,,16,2,18,29,6,7,,2,,,,
wp_6fb5cd094037,Kaylin,Machuca,12,,3,7,10,11,6,9,,3,,,,
wp_33ebbc068a5e,Morrigan,Bushroe-Stumpf,12,,6,2,8,19,3,13,,1,50,50.0,12,0.194
wp_548afc4a969e,Malee,Todd,12,,2,4,6,10,1,1,,0,,,,
wp_69bdbd537b25,Veronica,Gut,12,,2,2,4,4,0,2,,2,,,,
wp_80ebd5c2c270,Sydney,Barkley,12,,2,1,3,8,0,5,,0,,,,
wp_79c75d81778b,Edie,Hamilton,7,,1,1,2,3,10,2,,0,88,20.71,29,0.248
wp_02f887bebb63,Kira,Jacobsen,3,,0,1,1,2,4,0,,0,41,14.91,10,0.196
wp_1d7c31e92dd1,Aubrey,Korzyniewski,12,,0,0,0,5,1,3,,2,,,,
wp_44b96c102868,Grace,Clark,29,,69,30,99,120,18,25,,2,,,,
wp_9d3c18ece14b,Caitlin,Muñoz,29,,29,54,83,59,47,24,,0,,,,
wp_a349645a21af,Valerie,Wraith,29,,56,21,77,112,49,10,,0,,,,
wp_ea355c9d4066,Isabel,Del Villar,29,,46,26,72,96,38,25,,4,1,4.0,0,0.0
wp_d9d88ef7be60,Jordan,LaCour,29,,44,8,52,68,7,11,,0,,,,
wp_0ab65ab5a247,Christina,Marlow,29,,22,12,34,47,12,13,,0,,,,
wp_6708eacef38e,Tatum,Dwyer,29,,23,8,31,88,19,48,,5,,,,
wp_14dc25040deb,Fiona,Murphy,29,,14,10,24,45,20,29,,5,,,,
wp_3bb146a7d3bc,Grace,Rich,29,,12,11,23,29,17,11,,0,,,,
wp_d55797bd5f54,Jasmine,Tang,29,,10,8,18,23,11,11,,0,,,,
wp_8d46170abbe5,Sydney,Kroonen,29,,9,1,10,31,12,10,,2,,,,
wp_026408d19d8d,Pooja,Bucklin,29,,7,2,9,22,4,6,,1,,,,
wp_15c3bd44fa29,Athena,Mor,29,,6,2,8,8,3,7,,1,,,,
wp_c2dc37b74713,Adrienne,Medak,29,,2,6,8,21,3,7,,1,,,,
wp_5bbed32962a4,Natalie,Stearns,27,,2,5,7,8,16,0,,0,155,9.38,123,0.442
wp_d12c658b14a4,Jayden,Ching,29,,2,3,5,10,3,3,,3,,,,
wp_d435cc262662,Mason,Spencer,23,,1,4,5,3,18,1,,0,121,12.41,81,0.401
wp_49149e733e4c,Alina,Hernandez,29,,0,0,0,1,0,0,,0,,,,
wp_3981c9f2be36,Tonanxochitl,Ortega,29,,0,0,0,0,0,0,,0,,,,
wp_72848716b98e,Lily,Pashman,29,,0,0,0,0,1,0,,0,,,,
wp_bd6c6e45c59c,Kendall,Pappan,24,,68,26,94,118,28,22,,1,,,,
wp_5ffa516b3c7f,Lyric,Roddenberry,24,,26,34,60,58,17,18,,3,0,0.0,2,1.0
wp_a06311823fc4,Kate,Launius,24,,20,26,46,60,22,14,,1,,,,
wp_77c0a50a2172,Nina,Bastick,24,,29,12,41,68,12,12,,4,,,,
wp_b4cdda9ab803,Ruthie,Lax,24,,19,10,29,46,14,33,,2,,,,
wp_6b5abb1a35c1,Kimie,Ginoza,24,,11,18,29,30,22,18,,1,,,,
wp_0e2eb3600d81,Annie,Nadolski,24,,27,1,28,62,12,7,,2,,,,
wp_0c6a78f115c6,Annika,Liou,24,,12,12,24,31,12,7,,0,,,,
wp_36c30e5c44f2,Caylie,Saiki,24,,7,17,24,25,10,17,,0,,,,
wp_f664e53cf035,Maile,Imonen,17,,8,9,17,29,11,11,,1,6,24.0,2,0.25
wp_041478fae5f4,Mia,Harrison,22,,13,3,16,37,8,12,,2,,,,
wp_bb41936ba254,Aveen,Cunningham,24,,6,8,14,28,18,26,,1,7,14.0,2,0.222
wp_85240905b171,Zoey,Francis,21,,0,9,9,2,41,4,,0,198,10.79,234,0.542
wp_1d9a7268dc9d,Annika,Lindberg,14,,3,4,7,9,3,2,,0,,,,
wp_0fd4862821d3,Kendall,Nelson,19,,5,0,5,16,1,4,,0,,,,
wp_ef1ca3d2a7b7,Emily,Watanapongse,20,,2,3,5,6,7,4,,0,,,,
wp_a187d9785d97,Chloe,Gonzalez,20,,2,1,3,13,3,5,,0,,,,
wp_5f500f175e17,Lyndsey,Johnson,14,,1,2,3,11,3,4,,1,,,,
wp_c7e157f5615c,Maya,McGuane,16,,1,2,3,2,2,2,,1,,,,
wp_ae0278ef8e05,Jamie,Chiem,13,,0,3,3,0,6,0,,0,71,16.12,29,0.29
wp_5eb2ea65d7c6,Ani,Aguilar,15,,1,1,2,3,2,3,,0,,,,
wp_afbf3802bf89,Nicole,Inoue,2,,0,1,1,0,0,0,,0,,,,
wp_f3fa745584ff,Meg,Peters,7,,0,0,0,2,1,2,,0,,,,
wp_e266296e3b57,Clara,Pettiross,6,,0,0,0,0,0,0,,0,,,,
wp_b54d98c25270,Emma,Luna,5,,15,10,25,33,7,2,,3,2,8.0,6,0.75
wp_c2ff3ea21e1f,Juno,Aselton,4,,11,5,16,24,4,2,,2,6,4.4,17,0.739
wp_1c1eac0ecb04,Melia,Lorch,5,,7,9,16,20,3,1,,0,,,,
wp_e3028cbc5f9f,Maddie,Baybeck,9,,5,8,13,19,8,0,,1,57,9.67,73,0.562
wp_b73ad969a3c5,Sarah,Nagel,5,,6,5,11,16,2,1,,0,,,,
wp_b8029c962645,Ainsley,Cornwall,5,,8,1,9,27,7,7,,0,,,,
wp_0d6fc843ece9,Anna,Taylor,5,,3,5,8,9,6,7,,0,,,,
wp_ead509a099b3,Brooke,Brandenburger,5,,4,2,6,15,8,1,,0,,,,
wp_d8c951a9f140,Kendall,Halfacre,9,,3,2,5,11,4,4,,0,,,,
wp_20d942ba026d,Carly,Schneider,5,,0,3,3,4,1,3,,0,,,,
wp_9eb1688f6a7d,Jada,Keen,5,,0,2,2,7,4,0,,0,,,,
wp_adc4aac8e9e6,Catrina,Dumas,4,,0,0,0,1,0,1,,0,,,,
wp_a4c640864260,Grace,Isola,2,,0,0,0,2,0,0,,1,3,6.0,7,0.7
wp_28cb5aa3a6cd,Brooklyn,Young,28,,50,25,75,158,12,17,,3,,,,
wp_4dd947a35b84,Anika,Nichols,28,,44,11,55,138,19,29,,3,,,,
wp_88874714eaf5,Kaitalin,Smith,24,,11,21,32,43,15,39,,6,,,,
wp_dd6c738119b7,Madison,Coss,28,,9,16,25,24,8,25,,1,,,,
wp_46247711acb5,Dottie,Barrera,28,,16,7,23,42,3,35,,1,,,,
wp_2ae4831557ef,Maya,De Guzman,28,,12,7,19,42,11,31,,4,1,56.47,0,0.0
wp_5069695194e9,Ally,Ratto,28,,12,6,18,41,8,22,,0,,,,
wp_a7f776e44247,Nancy,Trinh,28,,12,5,17,51,9,23,,3,,,,
wp_dc9f5cb7b23e,Reyn,Jensen,28,,4,1,5,9,4,10,,0,,,,
wp_6ad5e501031a,Miranda,Graham,28,,0,4,4,3,28,3,,1,419,17.92,216,0.34
wp_79848e825570,Maddie,Grove,28,,1,1,2,5,1,1,,0,,,,
wp_4fc748b9798d,Megan,Sallenbach,28,,1,0,1,7,1,15,,0,,,,
wp_dfab499e4ea3,Renee,Lopez,28,,0,1,1,6,0,2,,1,,,,
wp_0bd347cc02fe,Ellie,Dees,20,,0,0,0,0,0,0,,0,,,,
wp_812ebf634c65,Katalina,Martin,9,,0,0,0,0,0,0,,0,58,22.35,10,0.147
wp_46f9cbf93a59,Lucy,Worden,26,,34,7,41,82,23,19,,2,,,,
wp_3f58a45f7004,Isabella,Wilde,26,,28,8,36,82,15,19,,3,,,,
wp_8f363339ad91,Victoria,Duncan,26,,19,13,32,49,26,19,,3,,,,
wp_196a86e8df83,Talia,Thomas,25,,25,6,31,94,17,14,,1,,,,
wp_82e4cf7a87c5,Mia,Colabianchi,26,,6,19,25,57,28,22,,3,,,,
wp_a600caf99ef6,Estella,Gray,26,,13,9,22,61,18,33,,3,,,,
wp_b26116502882,Jillian,Carlson,26,,7,9,16,23,14,6,,3,,,,
wp_6c72a87d3ea7,Emma,(Ferg) Merrill,26,,8,5,13,27,6,13,,0,,,,
wp_6d5141d70100,Emma,Wilderman,26,,12,0,12,50,5,8,,0,,,,
wp_da2749f342f1,Ruby,Vogel,26,,10,2,12,31,16,13,,1,,,,
wp_3cc336c92984,Hannah,Lee,26,,7,4,11,26,8,2,,1,,,,
wp_8cf7b92e2235,Sophie,Cross,26,,5,5,10,23,8,13,,0,,,,
wp_fca821bbfe39,Rachel,Khavinson,26,,3,5,8,17,15,12,,0,,,,
wp_dd84649d69b8,Mia,Bananis,23,,0,8,8,0,24,1,,0,220,13.39,137,0.384
wp_664689ee7d9b,Schuyler,Simon-Thomas,26,,2,4,6,15,2,14,,1,,,,
wp_2478df17c904,Gwyneth,Peterson-Hall,26,,0,3,3,4,1,3,,1,,,,
wp_82cdd400b0aa,Ariani,Ray,26,,0,0,0,0,0,0,,0,,,,
wp_3aaf31bf356e,Charlee,Spence,15,,0,0,0,1,7,3,,0,168,24.59,40,0.192
wp_2ee7430dd75a,Laia,Marsinach Ortega,20,,51,15,66,111,24,13,,4,,,,
wp_93331c8fb9e3,Ella,Cowan,21,,25,32,57,61,11,9,,7,,,,
wp_e7ed08a9aa6e,Eleni,Ikonomou,21,,25,26,51,60,9,21,,2,0,0.0,0,0.0
wp_1b01509e2df4,Maria,Ikonomou,21,,33,17,50,73,12,17,,1,,,,
wp_a631458f9dd4,Sophie,Pethers,21,,29,7,36,47,13,11,,5,,,,
wp_6668510805bd,Lauryn,Lucero,20,,17,14,31,43,8,6,,1,,,,
wp_0f460dd6b41d,Anna,Crum,21,,20,8,28,53,3,8,,7,,,,
wp_0cf8d6a220be,Alicia,Petkov,21,,22,3,25,42,6,7,,3,,,,
wp_41f0ebd0f5e9,Lily,Van Putten,22,,8,6,14,25,8,6,,0,,,,
wp_b873bad5391b,Millie,Jacobson,21,,6,6,12,17,3,14,,1,,,,
wp_f7bcb7610736,Penny,Cowan,21,,5,1,6,11,3,2,,1,,,,
wp_01b20261211a,Olivia,Turney,21,,4,1,5,7,3,2,,0,,,,
wp_c7afeacc9ee8,Chloe,Morgan,21,,4,0,4,7,0,0,,0,,,,
wp_35d511dfedcf,Kyra,Lurito,21,,3,0,3,9,2,1,,0,,,,
wp_814f164080e6,Noemi,Alaksza,21,,2,0,2,8,2,3,,0,,,,
wp_0d49873070f1,Lauren,Davis,21,,1,1,2,3,2,0,,0,,,,
wp_ef0b3e7d649a,Laurel,Cooper,11,,0,2,2,1,25,2,,2,89,12.89,58,0.395
wp_d433d8d3ba1b,Maja,Lizy Dulic,16,,0,2,2,6,15,5,,1,154,12.92,90,0.369
wp_0c262f94aebd,Tèa,Fitzgerald,20,,0,2,2,5,2,2,,0,,,,
wp_8924c2e93aec,Ariel,Cordova,21,,1,0,1,5,0,0,,0,,,,
wp_ce1db4eabf8e,Amaya,Leiby,21,,1,0,1,9,1,0,,1,,,,
wp_261a5d525907,Lillian,Ecklund,4,,0,0,0,1,0,0,,1,14,12.01,8,0.364
wp_73e4b933f006,Aubree,Nabors,25,,25,14,39,97,32,27,,10,,,,
wp_c6ed131416d6,Alyssa,Sorrell,23,,29,3,32,61,6,8,,2,,,,
wp_3d1ca4873b85,Lucia,Notaro,25,,20,8,28,83,18,26,,1,,,,
wp_89f23bfc9f0b,Teagan,May,25,,10,15,25,47,13,20,,1,,,,
wp_c15baeac7370,Kiera,Federline,25,,6,15,21,71,15,22,,0,,,,
wp_15ad2f98dc04,Marlie,Potocki,24,,13,6,19,62,18,12,,1,,,,
wp_3390321ad33c,Ainsley,Killian,24,,10,8,18,38,9,14,,1,,,,
wp_585e7f76b327,Aubrey,Stevenson,25,,9,7,16,37,11,25,,1,,,,
wp_29971e9f3e77,Brooklyn,Green,25,,8,3,11,51,18,19,,2,,,,
wp_7558ad88053c,Gianna,Ratto,25,,5,4,9,27,8,4,,1,,,,
wp_75fe10e61464,Katie,Raber,25,,5,3,8,29,2,6,,1,,,,
wp_c1dddd6350a5,Natalie,Abril,23,,2,4,6,24,15,1,,0,189,15.43,113,0.374
wp_e1667098a989,Sofia,Mather,23,,3,2,5,17,12,1,,0,163,12.99,130,0.444
wp_9c4788059c74,Emberly,De La Vega,24,,2,1,3,9,5,2,,1,,,,
wp_9d1d9185037d,Nora,Jackson,25,,1,1,2,7,6,1,,1,,,,
wp_5da89d73fc68,Elena,Sanchez Alcaraz,3,,0,0,0,0,1,0,,0,6,8.0,6,0.5
wp_ebf2565c5e79,Emmie,Ratcliff,3,,12,0,12,24,5,1,,4,,,,
wp_95ed6f5778eb,Mackenzie,Caron,3,,9,3,12,23,6,5,,0,,,,
wp_1e30363eb6dc,Hallie,Ratcliff,3,,5,3,8,18,4,4,,0,,,,
wp_8231543936ff,Riley,Gutierrez,3,,2,5,7,14,4,3,,0,,,,
wp_6218c63b6410,Chloe,Majorprice,3,,1,4,5,10,0,2,,3,,,,
wp_049085b8b2cb,Autumn,Woollcott,3,,4,0,4,9,1,3,,2,,,,
wp_bf64f4883976,Sabrina,Estrada,3,,0,0,0,0,0,0,,0,,,,
wp_9aba16689c49,Madison,Mansell,2,,0,0,0,0,0,0,,0,,,,
wp_397bee3982cc,Lani,Weaver,3,,0,0,0,1,1,1,,0,41,12.86,29,0.414
wp_e0ea60590329,Alexandra,Haluska,26,,69,15,84,155,9,23,,3,,,,
wp_b2ce4baf56a2,Paula,Fernandez,26,,35,13,48,130,31,24,,1,,,,
wp_0aa49da259ca,Madison,Mathewson,26,,28,20,48,105,20,40,,1,,,,
wp_8e9c34f2f096,Kayla,Arias,26,,31,5,36,73,8,14,,3,,,,
wp_70db329a6052,Jayz,Tomisa,26,,6,19,25,33,10,38,,2,,,,
wp_74098700c064,Brooke,Shiohama,26,,6,12,18,47,8,33,,2,,,,
wp_aac2a6bfe498,Hayley,Bradshaw,26,,4,8,12,25,8,38,,2,,,,
wp_ac33c8150815,Aubrie,Kirkby Tatro,25,,0,10,10,10,26,6,,1,311,15.35,187,0.376
wp_7f1bbfef1b6e,Shirley,Ramirez,26,,3,1,4,13,0,4,,0,,,,
wp_23728deee9d0,Giana,Diaz,26,,1,3,4,21,9,19,,4,,,,
wp_e944ecc741d5,Madison,Scorgie,26,,0,4,4,0,4,3,,0,,,,
wp_2c002fb0a19e,Kristin,Lambert,26,,0,2,2,4,0,7,,0,,,,
wp_547ed299240f,Victoria,Ortegon,26,,1,0,1,2,0,0,,0,,,,
wp_054a81799dbc,Annie,Marcucci,9,,0,0,0,0,2,0,,0,62,17.67,15,0.195
wp_1f0473f9db17,Kara,Wicht,1,,4,1,5,8,3,0,,0,,,,
wp_8c2c2ec17166,Iris,Oudshoorn,1,,3,1,4,4,2,0,,0,,,,
wp_0a0e32f6cdff,Courtney,Repinz,1,,3,0,3,8,1,0,,0,,,,
wp_e591d5c26db8,Keri,Brooks,1,,1,2,3,1,0,1,,0,,,,
wp_14a2dd68d6f1,Milica,Zelic,1,,1,2,3,3,0,1,,0,,,,
wp_063d3d7e3789,Lucy,Bramwell,1,,2,0,2,2,2,0,,0,,,,
wp_9006562e66ff,Mackenzie,Hamilton,1,,1,0,1,1,0,0,,0,,,,
wp_190d6a274200,Emma,Donnelly,1,,0,0,0,2,1,0,,1,,,,
wp_aba05ae74ee7,Tilly,Hale,1,,0,0,0,2,0,0,,0,,,,
wp_94c4e0fa3a4e,Kristen,Hemmila,1,,0,0,0,0,2,0,,0,5,5.0,10,0.667
wp_007c31aa15ad,Madeline,Nelson,1,,0,0,0,0,0,0,,0,,,,
wp_cdfc13d70b56,Avery,Sturdevant,1,,0,0,0,0,0,0,,0,,,,
wp_eccfe2e61726,Olivia,Gutierrez,30,,57,51,108,121,43,16,,11,,,,
wp_779e33b9585f,Stella,Martin,30,,28,53,81,82,26,10,,3,,,,
wp_df4cb761478b,Emma,Sosa,29,,52,4,56,115,4,10,,3,,,,
wp_37dd1f667aea,Alex,Harris,30,,25,29,54,86,25,16,,14,,,,
wp_1ff1901edbd7,Nalani,Galindo,28,,41,12,53,105,12,13,,6,,,,
wp_b4fdd93effd6,Kaya,Eaton,29,,38,7,45,92,6,12,,3,,,,
wp_74480e8bc6f7,Ximena,Pichon,30,,8,32,40,22,15,7,,13,,,,
wp_7d06a5897bfc,Abby,Allan,30,,13,23,36,42,15,8,,1,,,,
wp_f898593c7583,Shea,Tully,29,,12,16,28,42,17,41,,3,,,,
wp_7510425c2fc2,Annika,Harper,29,,8,16,24,35,10,8,,3,,,,
wp_7daf086d6571,Katie,Rudis,30,,8,10,18,27,14,24,,2,,,,
wp_7a74a882dc2e,Kira,Clark,27,,2,16,18,21,9,7,,7,,,,
wp_04e108566f94,Natalie,Mancinelli,26,,8,5,13,17,5,3,,0,,,,
wp_a333203f6b90,Catt,Jenkins,28,,6,6,12,14,8,13,,3,,,,
wp_12d971ec0995,Riley,Becker,28,,11,0,11,28,6,6,,1,,,,
wp_b628ddb35a1e,Jerzie,Jaurigue-Mora,26,,6,1,7,12,7,9,,3,,,,
wp_d0b849d000eb,Marissa,White,30,,0,4,4,10,28,0,,0,288,10.62,283,0.496
wp_c5e35b486c41,Shelby,Pfister,10,,0,3,3,1,1,2,,0,,,,
wp_bd6e9bfb285f,Becca,Bijold,3,,0,0,0,0,0,0,,0,,,,
wp_4462e4ea74a3,Izzy,Headley,1,,0,0,0,0,0,1,,0,,,,
wp_5beed33612d0,Gabby,Swaim,3,,0,0,0,0,0,0,,0,,,,
wp_b78cc3975242,Kendra,Weaver,11,,0,0,0,2,6,0,,0,23,7.05,25,0.521
wp_700f7f47e48e,Sadie,Smith,20,,45,19,64,87,9,16,,6,,,,
wp_16d849c52620,Sydney,Smith,20,,57,6,63,86,7,10,,2,,,,
wp_4fb6c1daf968,Makynna,Smith,20,,47,7,54,83,4,17,,4,,,,
wp_914c75f5a637,Meagan,Riding,20,,19,17,36,45,9,8,,2,,,,
wp_111ed4ee87f6,Hollie,Sauceda,20,,19,13,32,53,8,20,,1,,,,
wp_d223a38e2962,Noa,Ziv,20,,18,14,32,37,12,12,,5,,,,
wp_1de43d6ebc99,Haley,Minnich,20,,14,5,19,34,9,15,,2,,,,
wp_593b9a4612ec,Kathryn,Myler,20,,10,5,15,19,4,20,,1,,,,
wp_e313a4baa88f,Maria,Fitzsimmons,20,,4,4,8,11,2,11,,0,,,,
wp_fac4e7d3341b,Ysabel,Casillas,16,,6,0,6,27,4,2,,0,164,19.5,63,0.278
wp_28338f0db8b5,Gabriella,Falcon,16,,1,0,1,1,0,1,,0,,,,
wp_d0e5b790bce5,Sarah,Fitzsimmons,18,,1,0,1,1,0,0,,0,,,,
wp_9b38c1a593f5,Maddie,Day,14,,0,1,1,10,4,0,,0,125,27.68,22,0.15
wp_780fac23d74a,Taylor,Hammond,12,,0,0,0,4,2,1,,0,38,10.4,17,0.309
wp_63c5888cfa90,Claudette,Asenjo,28,,64,6,70,132,11,45,,3,,,,
wp_bf093b7d7cae,Kiryn,Wicker,28,,54,5,59,167,20,28,,3,,,,
wp_3b4153a5e0ce,Melanie,Torres,27,,24,24,48,119,14,37,,1,,,,
wp_ef23172cbb09,Breyenne,Pierce,28,,20,14,34,53,16,26,,0,,,,
wp_93978ab32be5,Aislyn,Sorsky,28,,11,12,23,40,11,24,,0,,,,
wp_a18232fe790f,Grace,Tademy,28,,7,12,19,37,14,28,,0,,,,
wp_122fcabe762c,Piper,Ferris,28,,9,5,14,45,12,27,,1,,,,
wp_f4f91de0bc2b,Viviana,Luna,28,,11,2,13,34,7,15,,1,30,0.0,9,0.231
wp_ce72f15d835d,Madeline,Guo,27,,1,1,2,7,4,2,,0,,,,
wp_0e1dc0920a8a,Arianna,Martinez,28,,1,1,2,5,3,7,,0,,,,
wp_a0b3c2463860,Amelie,Ramirez,25,,1,0,1,21,20,2,,0,387,17.48,209,0.351
wp_ce35fbfd1fac,Jacqueline,Azevedo,28,,0,1,1,11,2,6,,1,,,,
wp_c895dcd6ad25,Yaritza,Elizondo,27,,0,1,1,3,2,1,,0,28,82.08,5,0.152
wp_f49e863f7ba8,Alyssa,Estrada,22,,0,0,0,0,0,0,,0,,,,
wp_3d0840a09525,Kamarin,Holm,1,,0,0,0,0,0,0,,0,7,9.33,4,0.364
wp_bbb76a4d04b0,Kaitlyn,Kimmel,28,,0,0,0,3,0,5,,0,,,,
wp_957dd6a86a1a,Juliana,Torres,27,,0,0,0,4,0,2,,0,,,,
