athlete_id,first_name,last_name,sport,athletic_year,season,division,gender,conference,school,position_raw,position_group,class_year_raw,class_standing,hometown_raw,hometown_city,hometown_state,origin,high_school,high_school_is_academy,source_url
wr_7529a0f766d7,Maria,Aiono,wrestling,2025-26,2025-26,D1,Women,Big South Conference,Presbyterian,207 lbs,207,So.,So,"San Jose, Calif.",San Jose,CA,domestic,Edward C. Reed HS,0,https://gobluehose.com/sports/womens-wrestling/roster/2025-26
wr_1435ee410998,Jenna,Anderson,wrestling,2025-26,2025-26,D1,Women,Big South Conference,Presbyterian,124 lbs,124,Fr.,Fr,"Moseley, Va.",Moseley,VA,domestic,Cosby HS,0,https://gobluehose.com/sports/womens-wrestling/roster/2025-26
wr_f824cab6b521,Madeline,Bowlin,wrestling,2025-26,2025-26,D1,Women,Big South Conference,Presbyterian,124 lbs,124,Fr.,Fr,"Summerville, S.C.",Summerville,SC,domestic,Homeschool,1,https://gobluehose.com/sports/womens-wrestling/roster/2025-26
wr_4e9b960b02b1,Lana,Clayton,wrestling,2025-26,2025-26,D1,Women,Big South Conference,Presbyterian,180 lbs,180,So.,So,"Lakenheath, England",Lakenheath,,international,Newsome HS,0,https://gobluehose.com/sports/womens-wrestling/roster/2025-26
wr_9fb1173fb69c,May,Cuyler,wrestling,2025-26,2025-26,D1,Women,Big South Conference,Presbyterian,160 lbs,160,So.,So,"Alexandria, Va.",Alexandria,VA,domestic,Brentsville District HS,0,https://gobluehose.com/sports/womens-wrestling/roster/2025-26
wr_a9950ebba3c4,Kassey,Daugherty,wrestling,2025-26,2025-26,D1,Women,Big South Conference,Presbyterian,131 lbs,131,So.,So,"Newport News, Va.",Newport News,VA,domestic,Menchville HS,0,https://gobluehose.com/sports/womens-wrestling/roster/2025-26
wr_64eb205957ca,Chloe,Dearwester,wrestling,2025-26,2025-26,D1,Women,Big South Conference,Presbyterian,110 lbs,110,So.,So,"Cincinnati, Ohio",Cincinnati,OH,domestic,William Henry Harrison HS,0,https://gobluehose.com/sports/womens-wrestling/roster/2025-26
wr_72f29d0dfde0,Elizabeth,Donovan,wrestling,2025-26,2025-26,D1,Women,Big South Conference,Presbyterian,124 lbs,124,Fr.,Fr,"Pelham, N.H.",Pelham,NH,domestic,Pelham HS,0,https://gobluehose.com/sports/womens-wrestling/roster/2025-26
wr_e7c7212b1085,Lexi,Fornshell,wrestling,2025-26,2025-26,D1,Women,Big South Conference,Presbyterian,160 lbs,160,Jr.,Jr,"Cincinnati, Ohio",Cincinnati,OH,domestic,Lebanon High School,0,https://gobluehose.com/sports/womens-wrestling/roster/2025-26
wr_b5351cbacc9c,Kascidy,Garren,wrestling,2025-26,2025-26,D1,Women,Big South Conference,Presbyterian,145 lbs,145,So.,So,"Columbus, Ohio",Columbus,OH,domestic,Olentangy Orange HS,0,https://gobluehose.com/sports/womens-wrestling/roster/2025-26
wr_010c6337e452,Carina,Giangeruso,wrestling,2025-26,2025-26,D1,Women,Big South Conference,Presbyterian,138 lbs,138,So.,So,"Hamilton, N.J.",Hamilton,NJ,domestic,Northern Burlington County Regional,0,https://gobluehose.com/sports/womens-wrestling/roster/2025-26
wr_8197c679acaa,Isabella,Gretzinger,wrestling,2025-26,2025-26,D1,Women,Big South Conference,Presbyterian,160 lbs,160,So.,So,"Ballston Lake, N.Y.",Ballston Lake,NY,domestic,Shenendehowa HS,0,https://gobluehose.com/sports/womens-wrestling/roster/2025-26
wr_10cb405acef8,Zoe,Griffith,wrestling,2025-26,2025-26,D1,Women,Big South Conference,Presbyterian,138 lbs,138,Fr.,Fr,"Gouverneur, N.Y.",Gouverneur,NY,domestic,Governeur HS,0,https://gobluehose.com/sports/womens-wrestling/roster/2025-26
wr_7687518666de,Kaylie,Hall,wrestling,2025-26,2025-26,D1,Women,Big South Conference,Presbyterian,160 lbs,160,Fr.,Fr,"Augusta, W.V.",Augusta,WV,domestic,Spring Mills HS,0,https://gobluehose.com/sports/womens-wrestling/roster/2025-26
wr_fce3731a2d31,Henlee,Haynes,wrestling,2025-26,2025-26,D1,Women,Big South Conference,Presbyterian,180 lbs,180,Jr.,Jr,"Panama City, Fla.",Panama City,FL,domestic,A. Crawford Mosley HS,0,https://gobluehose.com/sports/womens-wrestling/roster/2025-26
wr_ecd17cab531e,Sloane,Kruger,wrestling,2025-26,2025-26,D1,Women,Big South Conference,Presbyterian,110 lbs,110,Fr.,Fr,"Tumwater, Wash.",Tumwater,WA,domestic,A.G. West Black Hills HS,0,https://gobluehose.com/sports/womens-wrestling/roster/2025-26
wr_0bdca20730d8,Maddie,Kubicki,wrestling,2025-26,2025-26,D1,Women,Big South Conference,Presbyterian,145 lbs,145,Jr.,Jr,"Kansas City, Mo.",Kansas City,MO,domestic,Park Hill South HS,0,https://gobluehose.com/sports/womens-wrestling/roster/2025-26
wr_984270390c9d,Grace,Leota,wrestling,2025-26,2025-26,D1,Women,Big South Conference,Presbyterian,180 lbs,180,Fr.,Fr,"Brooksville, Fla.",Brooksville,FL,domestic,Homeschool,1,https://gobluehose.com/sports/womens-wrestling/roster/2025-26
wr_51f72a0892ad,Lilly,Luttrell,wrestling,2025-26,2025-26,D1,Women,Big South Conference,Presbyterian,145 lbs,145,Jr.,Jr,"Tampa, Fla.",Tampa,FL,domestic,Freedom HS,0,https://gobluehose.com/sports/womens-wrestling/roster/2025-26
wr_bd8ef7974060,Alyssa,Mahan,wrestling,2025-26,2025-26,D1,Women,Big South Conference,Presbyterian,124 lbs,124,Jr.,Jr,"Wilmington, Del.",Wilmington,DE,domestic,Delaware Military Academy,1,https://gobluehose.com/sports/womens-wrestling/roster/2025-26
wr_867d17c260c2,Annalise,Maralit,wrestling,2025-26,2025-26,D1,Women,Big South Conference,Presbyterian,103 lbs,103,So.,So,"Huntersville, N.C.",Huntersville,NC,domestic,Ashley Ridge HS,0,https://gobluehose.com/sports/womens-wrestling/roster/2025-26
wr_eb328eaf93c8,Morgan,Norris,wrestling,2025-26,2025-26,D1,Women,Big South Conference,Presbyterian,160 lbs,160,Gr.,Gr,"Reno, Nev.",Reno,NV,domestic,Reed HS,0,https://gobluehose.com/sports/womens-wrestling/roster/2025-26
wr_605292ae6f3d,Anna,Ockerman,wrestling,2025-26,2025-26,D1,Women,Big South Conference,Presbyterian,110 lbs,110,Fr.,Fr,"Wendell, N.C.",Wendell,NC,domestic,Corinth Holder HS,0,https://gobluehose.com/sports/womens-wrestling/roster/2025-26
wr_45f7b87dd1e3,Reagan,Riddick,wrestling,2025-26,2025-26,D1,Women,Big South Conference,Presbyterian,110 lbs,110,Jr.,Jr,"Outer Banks, N.C.",Outer Banks,NC,domestic,First Flight HS,0,https://gobluehose.com/sports/womens-wrestling/roster/2025-26
wr_2160d60faa3f,Laura,Ruiz Diaz,wrestling,2025-26,2025-26,D1,Women,Big South Conference,Presbyterian,124 lbs,124,So.,So,"Orlando, Fla.",Orlando,FL,domestic,Providence HS,0,https://gobluehose.com/sports/womens-wrestling/roster/2025-26
wr_be1365ce7566,Charlee,Shuler,wrestling,2025-26,2025-26,D1,Women,Big South Conference,Presbyterian,117 lbs,117,Jr.,Jr,"Chesapeake, Va.",Chesapeake,VA,domestic,Grassfield HS,0,https://gobluehose.com/sports/womens-wrestling/roster/2025-26
wr_d8ec4ff1fec8,Ava,Torres,wrestling,2025-26,2025-26,D1,Women,Big South Conference,Presbyterian,145 lbs,145,So.,So,"New York, New York",New York,NY,domestic,Suffern Senior HS,0,https://gobluehose.com/sports/womens-wrestling/roster/2025-26
wr_6f45b06e6731,Paige,Wehrmeister,wrestling,2025-26,2025-26,D1,Women,Big South Conference,Presbyterian,138 lbs,138,Sr.,Sr,"Chesterfield, Mo.",Chesterfield,MO,domestic,Parkway West HS,0,https://gobluehose.com/sports/womens-wrestling/roster/2025-26
wr_48bd24d1b403,Grace,York,wrestling,2025-26,2025-26,D1,Women,Big South Conference,Presbyterian,110 lbs,110,Jr.,Jr,"Lake George, N.Y.",Lake George,NY,domestic,Lake George Jr./Sr. HS,0,https://gobluehose.com/sports/womens-wrestling/roster/2025-26
wr_0376c2470626,Elleahna,Anderson,wrestling,2025-26,2025-26,D1,Women,Metro Atlantic Athletic Conference,Sacred Heart,,UNK,Sr.,Sr,"Woodbridge, Va.",Woodbridge,VA,domestic,Potomac Senior,0,https://sacredheartpioneers.com/sports/womens-wrestling/roster/2025-26
wr_5d52722faff7,Kelly,Aspras,wrestling,2025-26,2025-26,D1,Women,Metro Atlantic Athletic Conference,Sacred Heart,,UNK,So.,So,"Milford, Conn.",Milford,CT,domestic,Joseph A. Foran,0,https://sacredheartpioneers.com/sports/womens-wrestling/roster/2025-26
wr_563d952ed802,Madi,Canales,wrestling,2025-26,2025-26,D1,Women,Metro Atlantic Athletic Conference,Sacred Heart,,UNK,So.,So,"Richmond, Texas",Richmond,TX,domestic,Foster,0,https://sacredheartpioneers.com/sports/womens-wrestling/roster/2025-26
wr_1c026f783c7c,Anastasia,Dakoulas,wrestling,2025-26,2025-26,D1,Women,Metro Atlantic Athletic Conference,Sacred Heart,,UNK,Fy.,Fr,"Rockville, Md.",Rockville,MD,domestic,Rockville,0,https://sacredheartpioneers.com/sports/womens-wrestling/roster/2025-26
wr_78d98aaab67e,Love,Daley,wrestling,2025-26,2025-26,D1,Women,Metro Atlantic Athletic Conference,Sacred Heart,,UNK,Jr.,Jr,"Baltimore, Md.",Baltimore,MD,domestic,Wyoming Seminary Prep,1,https://sacredheartpioneers.com/sports/womens-wrestling/roster/2025-26
wr_536e6fc6e4da,Naylani,Delvalle,wrestling,2025-26,2025-26,D1,Women,Metro Atlantic Athletic Conference,Sacred Heart,,UNK,Fy.,Fr,"North Plainfield, N.J.",North Plainfield,NJ,domestic,North Plainfield,0,https://sacredheartpioneers.com/sports/womens-wrestling/roster/2025-26
wr_c9f8dbc8e1dc,Cailan,Drake,wrestling,2025-26,2025-26,D1,Women,Metro Atlantic Athletic Conference,Sacred Heart,,UNK,So.,So,"Latham, N.Y.",Latham,NY,domestic,Shaker,0,https://sacredheartpioneers.com/sports/womens-wrestling/roster/2025-26
wr_cd888d9d4bd4,Victoria,Fogg,wrestling,2025-26,2025-26,D1,Women,Metro Atlantic Athletic Conference,Sacred Heart,,UNK,Jr.,Jr,"Ludlow, Mass.",Ludlow,MA,domestic,Hampden Charter School,0,https://sacredheartpioneers.com/sports/womens-wrestling/roster/2025-26
wr_1cb6eb590013,Alena,Gracia,wrestling,2025-26,2025-26,D1,Women,Metro Atlantic Athletic Conference,Sacred Heart,,UNK,Fy.,Fr,"Phoenix, Ariz.",Phoenix,AZ,domestic,Cesar Chavez,0,https://sacredheartpioneers.com/sports/womens-wrestling/roster/2025-26
wr_19531aa5fcfc,Samantha,Gray,wrestling,2025-26,2025-26,D1,Women,Metro Atlantic Athletic Conference,Sacred Heart,,UNK,Fy.,Fr,"Fairfax, Va.",Fairfax,VA,domestic,Robinson,0,https://sacredheartpioneers.com/sports/womens-wrestling/roster/2025-26
wr_6f670254d74b,Adriana,Haskin,wrestling,2025-26,2025-26,D1,Women,Metro Atlantic Athletic Conference,Sacred Heart,,UNK,Fy.,Fr,"Brooklyn, N.Y.",Brooklyn,NY,domestic,Rahway,0,https://sacredheartpioneers.com/sports/womens-wrestling/roster/2025-26
wr_c5f40b572743,Gabrielle,Heffez,wrestling,2025-26,2025-26,D1,Women,Metro Atlantic Athletic Conference,Sacred Heart,,UNK,So.,So,"Brooklyn, N.Y.",Brooklyn,NY,domestic,Brooklyn Technical,0,https://sacredheartpioneers.com/sports/womens-wrestling/roster/2025-26
wr_b4f55c92cb01,Madeline,Hodges,wrestling,2025-26,2025-26,D1,Women,Metro Atlantic Athletic Conference,Sacred Heart,,UNK,Jr.,Jr,"Midlothian, Texas",Midlothian,TX,domestic,Midlothian,0,https://sacredheartpioneers.com/sports/womens-wrestling/roster/2025-26
wr_64b636c7de07,Gurleen,Khartta,wrestling,2025-26,2025-26,D1,Women,Metro Atlantic Athletic Conference,Sacred Heart,,UNK,Fy.,Fr,"Nokesville, Va.",Nokesville,VA,domestic,Brentsville District,0,https://sacredheartpioneers.com/sports/womens-wrestling/roster/2025-26
wr_5bf1076cc2b5,Josephine,Larson,wrestling,2025-26,2025-26,D1,Women,Metro Atlantic Athletic Conference,Sacred Heart,,UNK,Fy.,Fr,"Lindenhurst, Ill.",Lindenhurst,IL,domestic,Lakes Community,0,https://sacredheartpioneers.com/sports/womens-wrestling/roster/2025-26
wr_1aea0f1803fd,Tilisa,Matakaiongo,wrestling,2025-26,2025-26,D1,Women,Metro Atlantic Athletic Conference,Sacred Heart,,UNK,Fy.,Fr,"Cedar City, Utah",Cedar City,UT,domestic,Canyon View,0,https://sacredheartpioneers.com/sports/womens-wrestling/roster/2025-26
wr_a8b9f09dc437,Bailee,Militello,wrestling,2025-26,2025-26,D1,Women,Metro Atlantic Athletic Conference,Sacred Heart,,UNK,So.,So,"Gloucester, Mass.",Gloucester,MA,domestic,Gloucester,0,https://sacredheartpioneers.com/sports/womens-wrestling/roster/2025-26
wr_ee8f69d4e23e,Nohea,Moniz,wrestling,2025-26,2025-26,D1,Women,Metro Atlantic Athletic Conference,Sacred Heart,,UNK,Sr.,Sr,"Waipahu, Hawaii",Waipahu,HI,domestic,Kamehameha Schools Kapalama,0,https://sacredheartpioneers.com/sports/womens-wrestling/roster/2025-26
wr_138d72c446a7,Lauren,Nguyen,wrestling,2025-26,2025-26,D1,Women,Metro Atlantic Athletic Conference,Sacred Heart,,UNK,So.,So,"Livermore, Calif.",Livermore,CA,domestic,Granada,0,https://sacredheartpioneers.com/sports/womens-wrestling/roster/2025-26
wr_30fe487daf31,Aaliyah,Payne-Parris,wrestling,2025-26,2025-26,D1,Women,Metro Atlantic Athletic Conference,Sacred Heart,,UNK,Sr.,Sr,"Newton, N.J.",Newton,NJ,domestic,Newtown,0,https://sacredheartpioneers.com/sports/womens-wrestling/roster/2025-26
wr_e10513b1e95d,Selena,Sifuentes Shaffer,wrestling,2025-26,2025-26,D1,Women,Metro Atlantic Athletic Conference,Sacred Heart,,UNK,Sr.,Sr,"San Antonio, Texas",San Antonio,TX,domestic,Smithson Valley,0,https://sacredheartpioneers.com/sports/womens-wrestling/roster/2025-26
wr_9bce9a996c88,Bella,Sowards,wrestling,2025-26,2025-26,D1,Women,Metro Atlantic Athletic Conference,Sacred Heart,,UNK,Fy.,Fr,"Derwood, Md.",Derwood,MD,domestic,Our Lady of Good Counsel,0,https://sacredheartpioneers.com/sports/womens-wrestling/roster/2025-26
wr_d71bdca245e1,Tiffany,Stoshak,wrestling,2025-26,2025-26,D1,Women,Metro Atlantic Athletic Conference,Sacred Heart,,UNK,So.,So,"Wyoming, Pa.",Wyoming,PA,domestic,Wyoming Seminary Preparatory,1,https://sacredheartpioneers.com/sports/womens-wrestling/roster/2025-26
wr_95eaa07134d5,Tayla,Tildsley,wrestling,2025-26,2025-26,D1,Women,Metro Atlantic Athletic Conference,Sacred Heart,,UNK,Jr.,Jr,"Billerica, Mass.",Billerica,MA,domestic,Phillips Academy,1,https://sacredheartpioneers.com/sports/womens-wrestling/roster/2025-26
wr_30e6848e159f,Ahsia,Torres,wrestling,2025-26,2025-26,D1,Women,Metro Atlantic Athletic Conference,Sacred Heart,,UNK,Sr.,Sr,"Perth Amboy, N.J.",Perth Amboy,NJ,domestic,Perth Amboy,0,https://sacredheartpioneers.com/sports/womens-wrestling/roster/2025-26
wr_8a3d5ef32908,Valerie,Turgeon,wrestling,2025-26,2025-26,D1,Women,Metro Atlantic Athletic Conference,Sacred Heart,,UNK,Jr.,Jr,"South Windsor, Conn.",South Windsor,CT,domestic,,0,https://sacredheartpioneers.com/sports/womens-wrestling/roster/2025-26
wr_7f6fa56afc63,Alexandra,Viera,wrestling,2025-26,2025-26,D1,Women,Metro Atlantic Athletic Conference,Sacred Heart,,UNK,So.,So,"Rocky Point, N.Y.",Rocky Point,NY,domestic,Rocky Point,0,https://sacredheartpioneers.com/sports/womens-wrestling/roster/2025-26
wr_3236565c0f2d,Tati,Walker,wrestling,2025-26,2025-26,D1,Women,Metro Atlantic Athletic Conference,Sacred Heart,,UNK,Sr.,Sr,"Pennsauken, N.J.",Pennsauken,NJ,domestic,Pennsauken,0,https://sacredheartpioneers.com/sports/womens-wrestling/roster/2025-26
wr_118efa505ca2,Veronica,Whitacre,wrestling,2025-26,2025-26,D1,Women,Metro Atlantic Athletic Conference,Sacred Heart,,UNK,Sr.,Sr,"Jamesburg, N.J.",Jamesburg,NJ,domestic,Wyoming Seminary Prep,1,https://sacredheartpioneers.com/sports/womens-wrestling/roster/2025-26
wr_1acf97c6062e,Samantha,Yap,wrestling,2025-26,2025-26,D1,Women,Metro Atlantic Athletic Conference,Sacred Heart,,UNK,Jr.,Jr,"Stamford, Conn.",Stamford,CT,domestic,Stamford,0,https://sacredheartpioneers.com/sports/womens-wrestling/roster/2025-26
wr_ad934fb12ee5,Chanelle,Alburg,wrestling,2025-26,2025-26,D1,Women,Mid-Eastern Athletic Conference,Delaware St.,"5'6""",Other,Jr.,Jr,Tulsa,Tulsa,OK,domestic,Union High School,0,https://dsuhornets.com/sports/womens-wrestling/roster/2025-26
wr_08ac6a5e5ccd,Haylie,Briscoe,wrestling,2025-26,2025-26,D1,Women,Mid-Eastern Athletic Conference,Delaware St.,,UNK,Jr.,Jr,"Pelham, GA",Pelham,GA,domestic,Pelham High School,0,https://dsuhornets.com/sports/womens-wrestling/roster/2025-26
wr_f88ef89aafae,Milena,Chavarria,wrestling,2025-26,2025-26,D1,Women,Mid-Eastern Athletic Conference,Delaware St.,,UNK,Fr.,Fr,"Huntsville,Alabama",Huntsville,AL,domestic,Huntsville High School,0,https://dsuhornets.com/sports/womens-wrestling/roster/2025-26
wr_d5271253e3a5,Juliana,Diaz,wrestling,2025-26,2025-26,D1,Women,Mid-Eastern Athletic Conference,Delaware St.,,UNK,Sr.,Sr,"Orlando, Florida",Orlando,FL,domestic,Dr.Phillips High School,0,https://dsuhornets.com/sports/womens-wrestling/roster/2025-26
wr_9fd9463dfdca,Kylee,Gaddy,wrestling,2025-26,2025-26,D1,Women,Mid-Eastern Athletic Conference,Delaware St.,,UNK,Fr.,Fr,Fr.,Fr.,,international,,0,https://dsuhornets.com/sports/womens-wrestling/roster/2025-26
wr_458c585bc803,Icart,Galumette,wrestling,2025-26,2025-26,D1,Women,Mid-Eastern Athletic Conference,Delaware St.,,UNK,Jr.,Jr,"Miami, FL",Miami,FL,domestic,North Miami Senior High School,0,https://dsuhornets.com/sports/womens-wrestling/roster/2025-26
wr_0a85e194e8a7,Azariyah,Johnson,wrestling,2025-26,2025-26,D1,Women,Mid-Eastern Athletic Conference,Delaware St.,"5'6""",Other,Fr.,Fr,"Berlin, MD",Berlin,MD,domestic,Stephen Decatur High School,0,https://dsuhornets.com/sports/womens-wrestling/roster/2025-26
wr_afd9dd6bfb12,Jaida,Johnson,wrestling,2025-26,2025-26,D1,Women,Mid-Eastern Athletic Conference,Delaware St.,"5'7""",Other,So.,So,Peoria il,Peoria il,,international,Richwoods Highschool,0,https://dsuhornets.com/sports/womens-wrestling/roster/2025-26
wr_ec07103bcf7b,Louise,Juitt,wrestling,2025-26,2025-26,D1,Women,Mid-Eastern Athletic Conference,Delaware St.,"5'8""",Other,Fr.,Fr,Belton,Belton,,international,Belton High School,0,https://dsuhornets.com/sports/womens-wrestling/roster/2025-26
wr_7239b17cc06c,Sumayyah,Kemp,wrestling,2025-26,2025-26,D1,Women,Mid-Eastern Athletic Conference,Delaware St.,,UNK,So.,So,"Cleveland, OH",Cleveland,OH,domestic,John Hay,0,https://dsuhornets.com/sports/womens-wrestling/roster/2025-26
wr_9b694cbd259b,Christina,Lisboa,wrestling,2025-26,2025-26,D1,Women,Mid-Eastern Athletic Conference,Delaware St.,,UNK,Fr.,Fr,Pennsauken,Pennsauken,NJ,domestic,Pennsauken High School,0,https://dsuhornets.com/sports/womens-wrestling/roster/2025-26
wr_a3eb6afc7143,Aniya,McIver,wrestling,2025-26,2025-26,D1,Women,Mid-Eastern Athletic Conference,Delaware St.,"5'6""",Other,Fr.,Fr,"Atlanta, Ga",Atlanta,GA,domestic,Arabia Mountain,0,https://dsuhornets.com/sports/womens-wrestling/roster/2025-26
wr_f15fb7e3ba9b,Jehieli,Velez-Almodovar,wrestling,2025-26,2025-26,D1,Women,Mid-Eastern Athletic Conference,Delaware St.,,UNK,Fr.,Fr,"Clarksville,Tennessee",Clarksville,TN,domestic,West Creek High School,0,https://dsuhornets.com/sports/womens-wrestling/roster/2025-26
wr_4e0727e45db2,Grace,Alagbo,wrestling,2025-26,2025-26,D1,Women,Ohio Valley Conference,Lindenwood,,UNK,Fr.,Fr,"Apple Valley, Minn.",Apple Valley,MN,domestic,Apple Valley,0,https://lindenwoodlions.com/sports/womens-wrestling/roster/2025-26
wr_d9d5a4e5d85b,Sienna,Caruso,wrestling,2025-26,2025-26,D1,Women,Ohio Valley Conference,Lindenwood,,UNK,Jr.,Jr,"Ashland, Ore.",Ashland,OR,domestic,Crater,0,https://lindenwoodlions.com/sports/womens-wrestling/roster/2025-26
wr_1eed6df01667,Kate,Cooper,wrestling,2025-26,2025-26,D1,Women,Ohio Valley Conference,Lindenwood,,UNK,Jr.,Jr,"Wentzville, Mo.",Wentzville,MO,domestic,Timberland,0,https://lindenwoodlions.com/sports/womens-wrestling/roster/2025-26
wr_c6970809cc67,Taylor,Dawson,wrestling,2025-26,2025-26,D1,Women,Ohio Valley Conference,Lindenwood,,UNK,Fr.,Fr,"Collinsville, Ill.",Collinsville,IL,domestic,Collinsville,0,https://lindenwoodlions.com/sports/womens-wrestling/roster/2025-26
wr_b216099a54fc,Alana,Duggan,wrestling,2025-26,2025-26,D1,Women,Ohio Valley Conference,Lindenwood,,UNK,Sr.,Sr,"Dubuque, Iowa",Dubuque,IA,domestic,Wahlert,0,https://lindenwoodlions.com/sports/womens-wrestling/roster/2025-26
wr_51aa0af74b5a,Kayla,Edwards,wrestling,2025-26,2025-26,D1,Women,Ohio Valley Conference,Lindenwood,,UNK,So.,So,"Vista, Calif.",Vista,CA,domestic,Rancho Buena Vista,0,https://lindenwoodlions.com/sports/womens-wrestling/roster/2025-26
wr_c7a27e468fcf,Jacinda,Espinosa,wrestling,2025-26,2025-26,D1,Women,Ohio Valley Conference,Lindenwood,,UNK,Fr.,Fr,"Jefferson City, Mo.",Jefferson City,MO,domestic,Rock Bridge,0,https://lindenwoodlions.com/sports/womens-wrestling/roster/2025-26
wr_d99bf03a3550,Ryan,Garthoeffner,wrestling,2025-26,2025-26,D1,Women,Ohio Valley Conference,Lindenwood,,UNK,Jr.,Jr,"Rolla, Mo.",Rolla,MO,domestic,Rolla,0,https://lindenwoodlions.com/sports/womens-wrestling/roster/2025-26
wr_c84e666875c4,Hayley,Gilson,wrestling,2025-26,2025-26,D1,Women,Ohio Valley Conference,Lindenwood,,UNK,Sr.,Sr,"Ketchikan, Alaska",Ketchikan,AK,domestic,Ketchikan,0,https://lindenwoodlions.com/sports/womens-wrestling/roster/2025-26
wr_5e9c726622ad,Madeline,Haynes,wrestling,2025-26,2025-26,D1,Women,Ohio Valley Conference,Lindenwood,,UNK,Fr.,Fr,"Fenton, Mo.",Fenton,MO,domestic,Rockwood Summit,0,https://lindenwoodlions.com/sports/womens-wrestling/roster/2025-26
wr_59916fee4cdc,Ally,Jelinek,wrestling,2025-26,2025-26,D1,Women,Ohio Valley Conference,Lindenwood,,UNK,Fr.,Fr,"Marion, Iowa",Marion,IA,domestic,Linn-Mar,0,https://lindenwoodlions.com/sports/womens-wrestling/roster/2025-26
wr_d68a993b0823,Talia,Lee,wrestling,2025-26,2025-26,D1,Women,Ohio Valley Conference,Lindenwood,,UNK,Jr.,Jr,"St. Louis, Mo.",St. Louis,MO,domestic,Webster Groves,0,https://lindenwoodlions.com/sports/womens-wrestling/roster/2025-26
wr_86d0002b1205,Bailey,Lusch,wrestling,2025-26,2025-26,D1,Women,Ohio Valley Conference,Lindenwood,,UNK,So.,So,"Peoria, Ill.",Peoria,IL,domestic,East Peoria Community,0,https://lindenwoodlions.com/sports/womens-wrestling/roster/2025-26
wr_302d4c56fa0b,Alex,Maday,wrestling,2025-26,2025-26,D1,Women,Ohio Valley Conference,Lindenwood,,UNK,Fr.,Fr,"Rocklin, Calif.",Rocklin,CA,domestic,Whitney,0,https://lindenwoodlions.com/sports/womens-wrestling/roster/2025-26
wr_4005577e77c6,Malia,Martin,wrestling,2025-26,2025-26,D1,Women,Ohio Valley Conference,Lindenwood,,UNK,Fr.,Fr,"Kansas City, Kan.",Kansas City,KS,domestic,Piper,0,https://lindenwoodlions.com/sports/womens-wrestling/roster/2025-26
wr_78a38616153f,Allison,Meyer,wrestling,2025-26,2025-26,D1,Women,Ohio Valley Conference,Lindenwood,,UNK,Sr.,Sr,"Washington, Mo.",Washington,MO,domestic,Washington,0,https://lindenwoodlions.com/sports/womens-wrestling/roster/2025-26
wr_d5d0c754cd21,Kaitlyn,Mossinghoff,wrestling,2025-26,2025-26,D1,Women,Ohio Valley Conference,Lindenwood,,UNK,Sr.,Sr,"St. Charles, Mo.",St. Charles,MO,domestic,Francis Howell,0,https://lindenwoodlions.com/sports/womens-wrestling/roster/2025-26
wr_2aaaa106ff29,Keilikki,Nau Rarick,wrestling,2025-26,2025-26,D1,Women,Ohio Valley Conference,Lindenwood,,UNK,Fr.,Fr,"Saratoga Springs, Utah",Saratoga Springs,UT,domestic,Westlake,0,https://lindenwoodlions.com/sports/womens-wrestling/roster/2025-26
wr_16659e5c7626,Sarai,O'Day,wrestling,2025-26,2025-26,D1,Women,Ohio Valley Conference,Lindenwood,,UNK,Fr.,Fr,"Honolulu, Hawai'i",Honolulu,HI,domestic,Kamehameha Schools Kapalama Campus,0,https://lindenwoodlions.com/sports/womens-wrestling/roster/2025-26
wr_9c989ece3c8a,Caitlin,Reiter,wrestling,2025-26,2025-26,D1,Women,Ohio Valley Conference,Lindenwood,,UNK,So.,So,"Bettendorf, Iowa",Bettendorf,IA,domestic,Pleasant Valley,0,https://lindenwoodlions.com/sports/womens-wrestling/roster/2025-26
wr_739c5ed955a1,Makayla,Rivera,wrestling,2025-26,2025-26,D1,Women,Ohio Valley Conference,Lindenwood,,UNK,Jr.,Jr,"Olathe, Kan.",Olathe,KS,domestic,Olathe West,0,https://lindenwoodlions.com/sports/womens-wrestling/roster/2025-26
wr_5c6985f17863,Marissa,Sanabria,wrestling,2025-26,2025-26,D1,Women,Ohio Valley Conference,Lindenwood,,UNK,Jr.,Jr,"Wentzville, Mo.",Wentzville,MO,domestic,Holt,0,https://lindenwoodlions.com/sports/womens-wrestling/roster/2025-26
wr_798fcf5b23ed,Rebecca,Strong,wrestling,2025-26,2025-26,D1,Women,Ohio Valley Conference,Lindenwood,,UNK,Jr.,Jr,"Ballwin, Mo.",Ballwin,MO,domestic,Marquette,0,https://lindenwoodlions.com/sports/womens-wrestling/roster/2025-26
wr_f5fafa41afe7,Savannah,Talmadge,wrestling,2025-26,2025-26,D1,Women,Ohio Valley Conference,Lindenwood,,UNK,Fr.,Fr,"Clayton, Calif.",Clayton,CA,domestic,Clayton Valley Charter,0,https://lindenwoodlions.com/sports/womens-wrestling/roster/2025-26
wr_03d4f619067c,Megan,Valdez,wrestling,2025-26,2025-26,D1,Women,Ohio Valley Conference,Lindenwood,,UNK,Jr.,Jr,"San Jacinto, Calif.",San Jacinto,CA,domestic,San Jacinto,0,https://lindenwoodlions.com/sports/womens-wrestling/roster/2025-26
wr_e33930550329,Saki,Yoshikawa,wrestling,2025-26,2025-26,D1,Women,Ohio Valley Conference,Lindenwood,,UNK,Fr.,Fr,"Tokyo, Japan",Tokyo,,international,Shimokitazawaseitoku High school,0,https://lindenwoodlions.com/sports/womens-wrestling/roster/2025-26
wr_b4ad7226b6c5,Holly,Zugmaier,wrestling,2025-26,2025-26,D1,Women,Ohio Valley Conference,Lindenwood,,UNK,Fr.,Fr,"Edwardsville, Ill.",Edwardsville,IL,domestic,Edwardsville,0,https://lindenwoodlions.com/sports/womens-wrestling/roster/2025-26
wr_9c0ea918756c,Natalia,Accorsi,wrestling,2025-26,2025-26,D1,Women,Patriot League,Lehigh,131,131,Fy.,Fr,"Somers, Conn.",Somers,CT,domestic,Blair Academy,1,https://lehighsports.com/sports/womens-wrestling/roster
wr_315b5663bf4e,Olivia,Adams,wrestling,2025-26,2025-26,D1,Women,Patriot League,Lehigh,117,117,So.,So,"Orange County, Va.",Orange County,VA,domestic,Deep Creek,0,https://lehighsports.com/sports/womens-wrestling/roster
wr_ae633fc9282e,Genevieve,An,wrestling,2025-26,2025-26,D1,Women,Patriot League,Lehigh,180,180,So.,So,"Marietta, Ga.",Marietta,GA,domestic,Kennesaw Mountain,0,https://lehighsports.com/sports/womens-wrestling/roster
wr_b18b6e9c5331,Alexa,Ciliotta,wrestling,2025-26,2025-26,D1,Women,Patriot League,Lehigh,124,124,Fy.,Fr,"Montville, N.J.",Montville,NJ,domestic,Montville,0,https://lehighsports.com/sports/womens-wrestling/roster
wr_e0c83670c86b,Abbi,Cooper,wrestling,2025-26,2025-26,D1,Women,Patriot League,Lehigh,117,117,Fy.,Fr,"Clayton, Calif.",Clayton,CA,domestic,Clayton Valley Charter,0,https://lehighsports.com/sports/womens-wrestling/roster
wr_5f4f94a9d802,Isabella,Crandall,wrestling,2025-26,2025-26,D1,Women,Patriot League,Lehigh,110,110,So.,So,"Apex, N.C.",Apex,NC,domestic,Athens Drive,0,https://lehighsports.com/sports/womens-wrestling/roster
wr_f0bf6c10fa63,Paige,De Caro,wrestling,2025-26,2025-26,D1,Women,Patriot League,Lehigh,160,160,Fy.,Fr,"Stillwater, N.J.",Stillwater,NJ,domestic,Kittatinny,0,https://lehighsports.com/sports/womens-wrestling/roster
wr_72db00d5ad10,Morgan,Edwards,wrestling,2025-26,2025-26,D1,Women,Patriot League,Lehigh,138,138,So.,So,"Bangor, Pa.",Bangor,PA,domestic,Blair Academy,1,https://lehighsports.com/sports/womens-wrestling/roster
wr_2653f73b0e34,Julia,Fongaro,wrestling,2025-26,2025-26,D1,Women,Patriot League,Lehigh,145,145,Fy.,Fr,"Lincoln Park, N.J.",Lincoln Park,NJ,domestic,Boonton,0,https://lehighsports.com/sports/womens-wrestling/roster
wr_fbc9860a5b45,Annika,Futch,wrestling,2025-26,2025-26,D1,Women,Patriot League,Lehigh,117,117,Sr.,Sr,"Park City, Utah",Park City,UT,domestic,Park City,0,https://lehighsports.com/sports/womens-wrestling/roster
wr_983239876702,Skyler,Gassel,wrestling,2025-26,2025-26,D1,Women,Patriot League,Lehigh,160,160,So.,So,"Newport Beach, Calif.",Newport Beach,CA,domestic,Newport Harbor,0,https://lehighsports.com/sports/womens-wrestling/roster
wr_edbd1a13c617,Shannon,Govern,wrestling,2025-26,2025-26,D1,Women,Patriot League,Lehigh,131,131,So.,So,"Hamburg, Pa.",Hamburg,PA,domestic,Hamburg,0,https://lehighsports.com/sports/womens-wrestling/roster
wr_7bf6c4c6d1ac,Avery,Hines,wrestling,2025-26,2025-26,D1,Women,Patriot League,Lehigh,124,124,So.,So,"Madison, N.J.",Madison,NJ,domestic,Madison,0,https://lehighsports.com/sports/womens-wrestling/roster
wr_ad5072c033c3,Audrey,Jimenez,wrestling,2025-26,2025-26,D1,Women,Patriot League,Lehigh,110,110,So.,So,"Tucson, Ariz.",Tucson,AZ,domestic,Sunnyside,0,https://lehighsports.com/sports/womens-wrestling/roster
wr_02e439e8b728,Jadyn,Keet,wrestling,2025-26,2025-26,D1,Women,Patriot League,Lehigh,103,103,Jr.,Jr,"Voorhees, N.J.",Voorhees,NJ,domestic,Eastern,0,https://lehighsports.com/sports/womens-wrestling/roster
wr_7256e6d07f37,Hajra,Khatana,wrestling,2025-26,2025-26,D1,Women,Patriot League,Lehigh,103,103,Sr.,Sr,"Harrison, N.J.",Harrison,NJ,domestic,Harrison,0,https://lehighsports.com/sports/womens-wrestling/roster
wr_720a48cdfeb2,Aubre,Krazer,wrestling,2025-26,2025-26,D1,Women,Patriot League,Lehigh,131,131,Fy.,Fr,"Easton, Pa.",Easton,PA,domestic,Easton Area,0,https://lehighsports.com/sports/womens-wrestling/roster
wr_503a19a74854,Ellie,Lo,wrestling,2025-26,2025-26,D1,Women,Patriot League,Lehigh,131,131,Jr.,Jr,"Indianapolis, Ind.",Indianapolis,IN,domestic,Brebeuf Jesuit Prep,1,https://lehighsports.com/sports/womens-wrestling/roster
wr_be964b0a4e95,Makynna,Loepp,wrestling,2025-26,2025-26,D1,Women,Patriot League,Lehigh,145,145,So.,So,"Ontario, Calif.",Ontario,CA,domestic,Montclair,0,https://lehighsports.com/sports/womens-wrestling/roster
wr_659338b5b3bb,Hattie,Mack,wrestling,2025-26,2025-26,D1,Women,Patriot League,Lehigh,103,103,Fy.,Fr,"Lancaster, Pa.",Lancaster,PA,domestic,Hempfield,0,https://lehighsports.com/sports/womens-wrestling/roster
wr_7f5109782fbd,Mary,Manis,wrestling,2025-26,2025-26,D1,Women,Patriot League,Lehigh,138,138,Fy.,Fr,"Ponte Vedra Beach, Fla.",Ponte Vedra Beach,FL,domestic,Wyoming Seminary,0,https://lehighsports.com/sports/womens-wrestling/roster
wr_567a492418a1,Cameron,Millsapps,wrestling,2025-26,2025-26,D1,Women,Patriot League,Lehigh,160,160,Fy.,Fr,"Arlington, Va.",Arlington,VA,domestic,Wakefield,0,https://lehighsports.com/sports/womens-wrestling/roster
wr_9a08c2a66416,Kryssceah,Ravenelle,wrestling,2025-26,2025-26,D1,Women,Patriot League,Lehigh,138,138,So.,So,"Scituate, R.I.",Scituate,RI,domestic,Wyoming Seminary,0,https://lehighsports.com/sports/womens-wrestling/roster
wr_3822ffa3a190,Irene,Sanchez Figuera,wrestling,2025-26,2025-26,D1,Women,Patriot League,Lehigh,180,180,Gr.,Gr,"Madrid, Spain",Madrid,,international,IES Ramiro de Maeztu (OCU),0,https://lehighsports.com/sports/womens-wrestling/roster
wr_db064c4d975a,Brynn,Shepardson,wrestling,2025-26,2025-26,D1,Women,Patriot League,Lehigh,180,180,Fy.,Fr,"Little Falls, N.Y.",Little Falls,NY,domestic,Little Falls,0,https://lehighsports.com/sports/womens-wrestling/roster
wr_2b645ecb2a88,Leila,Sidhu,wrestling,2025-26,2025-26,D1,Women,Patriot League,Lehigh,124,124,Jr.,Jr,"Irvine, Calif.",Irvine,CA,domestic,Del Oro,0,https://lehighsports.com/sports/womens-wrestling/roster
wr_340e2aabb975,Victoria,Swider,wrestling,2025-26,2025-26,D1,Women,Patriot League,Lehigh,131,131,Sr.,Sr,"Albany, N.Y.",Albany,NY,domestic,Shaker,0,https://lehighsports.com/sports/womens-wrestling/roster
wr_65d40f1583d7,Sydney,Thompson,wrestling,2025-26,2025-26,D1,Women,Patriot League,Lehigh,145,145,So.,So,"Eaton Rapids, Mich.",Eaton Rapids,MI,domestic,Eaton Rapids,0,https://lehighsports.com/sports/womens-wrestling/roster
wr_5dc76221bfb6,Lauren,Vertuli,wrestling,2025-26,2025-26,D1,Women,Patriot League,Lehigh,145,145,So.,So,"Carlisle, Pa.",Carlisle,PA,domestic,Carlisle,0,https://lehighsports.com/sports/womens-wrestling/roster
wr_4a1650d2b3cf,Piper,Zatechka,wrestling,2025-26,2025-26,D1,Women,Patriot League,Lehigh,160,160,Fy.,Fr,"Omaha, Neb.",Omaha,NE,domestic,Westside,0,https://lehighsports.com/sports/womens-wrestling/roster
wr_393c4d105de7,Ava,Bayless,wrestling,2025-26,2025-26,D1,Women,Big Ten Conference,Iowa,,UNK,RS Jr.,UNK,"Greenville, Pa.",Greenville,PA,domestic,Wyoming Seminary,0,https://hawkeyesports.com/sports/womens-wrestling/roster/season/2025-26
wr_60f616e4ff4d,Kennedy,Blades,wrestling,2025-26,2025-26,D1,Women,Big Ten Conference,Iowa,,UNK,Sr.,Sr,"Chicago, Ill.",Chicago,IL,domestic,Wyoming Seminary,0,https://hawkeyesports.com/sports/womens-wrestling/roster/season/2025-26
wr_55f76f6895af,Karlee,Brooks,wrestling,2025-26,2025-26,D1,Women,Big Ten Conference,Iowa,,UNK,RS So.,UNK,"Kaneohe, Hawai’i",Kaneohe,HI,domestic,Valiant College Preparatory,1,https://hawkeyesports.com/sports/womens-wrestling/roster/season/2025-26
wr_9834db801011,Sam,Calkins,wrestling,2025-26,2025-26,D1,Women,Big Ten Conference,Iowa,,UNK,RS Jr.,UNK,"Brentwood, Calif.",Brentwood,CA,domestic,Liberty High School,0,https://hawkeyesports.com/sports/womens-wrestling/roster/season/2025-26
wr_3bc7c0f41f95,Sterling,Dias,wrestling,2025-26,2025-26,D1,Women,Big Ten Conference,Iowa,,UNK,RS Jr.,UNK,"Las Vegas, Nev.",Las Vegas,NV,domestic,SLAM Academy,1,https://hawkeyesports.com/sports/womens-wrestling/roster/season/2025-26
wr_1375ac96a89b,Cadence,Diduch,wrestling,2025-26,2025-26,D1,Women,Big Ten Conference,Iowa,,UNK,So.,So,"Freeport, Ill.",Freeport,IL,domestic,Freeport,0,https://hawkeyesports.com/sports/womens-wrestling/roster/season/2025-26
wr_95de3188c37c,Libby,Dix,wrestling,2025-26,2025-26,D1,Women,Big Ten Conference,Iowa,,UNK,Fr.,Fr,"Mt. Vernon, Iowa",Mt. Vernon,IA,domestic,Mt. Vernon,0,https://hawkeyesports.com/sports/womens-wrestling/roster/season/2025-26
wr_df005abee45b,Jaycee,Foeller,wrestling,2025-26,2025-26,D1,Women,Big Ten Conference,Iowa,,UNK,Fifth Year,UNK,"De Soto, Mo.",De Soto,MO,domestic,De Soto Senior High School,0,https://hawkeyesports.com/sports/womens-wrestling/roster/season/2025-26
wr_79bf5579de0f,Emily,Frost,wrestling,2025-26,2025-26,D1,Women,Big Ten Conference,Iowa,,UNK,Jr.,Jr,"Troy, N.Y.",Troy,NY,domestic,Tamarac High School,0,https://hawkeyesports.com/sports/womens-wrestling/roster/season/2025-26
wr_385b47596583,Isabella,Marie Gonzales,wrestling,2025-26,2025-26,D1,Women,Big Ten Conference,Iowa,,UNK,Fr.,Fr,"Fresno, Calif.",Fresno,CA,domestic,Clovis East,0,https://hawkeyesports.com/sports/womens-wrestling/roster/season/2025-26
wr_4bda2fe4b936,Brianna,Gonzalez,wrestling,2025-26,2025-26,D1,Women,Big Ten Conference,Iowa,,UNK,RS Jr.,UNK,"El Monte, Calif.",El Monte,CA,domestic,Arroyo,0,https://hawkeyesports.com/sports/womens-wrestling/roster/season/2025-26
wr_7af9673bec58,Emilie,Gonzalez,wrestling,2025-26,2025-26,D1,Women,Big Ten Conference,Iowa,,UNK,RS Jr.,UNK,"El Monte, Calif.",El Monte,CA,domestic,Arroyo,0,https://hawkeyesports.com/sports/womens-wrestling/roster/season/2025-26
wr_c8f8aba14b50,Mia,Goodwin,wrestling,2025-26,2025-26,D1,Women,Big Ten Conference,Iowa,,UNK,RS Fr.,UNK,"Virginia Beach, Va.",Virginia Beach,VA,domestic,Floyd E. Kellum,0,https://hawkeyesports.com/sports/womens-wrestling/roster/season/2025-26
wr_0722d58582a9,Harlee,Hiller,wrestling,2025-26,2025-26,D1,Women,Big Ten Conference,Iowa,,UNK,Fr.,Fr,"Evanston, Ill.",Evanston,IL,domestic,Loyola Academy,1,https://hawkeyesports.com/sports/womens-wrestling/roster/season/2025-26
wr_7324e2cfab96,Reese,Larramendy,wrestling,2025-26,2025-26,D1,Women,Big Ten Conference,Iowa,,UNK,RS Jr.,UNK,"Reno, Nev.",Reno,NV,domestic,Wyoming Seminary,0,https://hawkeyesports.com/sports/womens-wrestling/roster/season/2025-26
wr_263ccbf81bc2,Cali,Leng,wrestling,2025-26,2025-26,D1,Women,Big Ten Conference,Iowa,,UNK,Jr.,Jr,"Marysville, Ohio",Marysville,OH,domestic,Marysville Early College High,0,https://hawkeyesports.com/sports/womens-wrestling/roster/season/2025-26
wr_efa9a20c1835,Lilly,Luft,wrestling,2025-26,2025-26,D1,Women,Big Ten Conference,Iowa,,UNK,Jr.,Jr,"Charles City, Iowa",Charles City,IA,domestic,Charles City Community High School,0,https://hawkeyesports.com/sports/womens-wrestling/roster/season/2025-26
wr_745df5fbd339,Rianne,Murphy,wrestling,2025-26,2025-26,D1,Women,Big Ten Conference,Iowa,,UNK,So.,So,"Crown Point, Ind.",Crown Point,IN,domestic,Wyoming Seminary,0,https://hawkeyesports.com/sports/womens-wrestling/roster/season/2025-26
wr_97e7f09eb786,Katja,Osteen,wrestling,2025-26,2025-26,D1,Women,Big Ten Conference,Iowa,,UNK,RS Sr.,UNK,"Simi Valley, Calif.",Simi Valley,CA,domestic,Royal,0,https://hawkeyesports.com/sports/womens-wrestling/roster/season/2025-26
wr_826656832cc9,Adriana,Palumbo,wrestling,2025-26,2025-26,D1,Women,Big Ten Conference,Iowa,,UNK,Fr.,Fr,"Pleasantville, N.Y.",Pleasantville,NY,domestic,Pleasantville,0,https://hawkeyesports.com/sports/womens-wrestling/roster/season/2025-26
wr_8ebe1621ad8c,Skye,Realin,wrestling,2025-26,2025-26,D1,Women,Big Ten Conference,Iowa,,UNK,Sr.,Sr,"Mililani, Hawai'i",Mililani,HI,domestic,Kamehameha,0,https://hawkeyesports.com/sports/womens-wrestling/roster/season/2025-26
wr_d93774f283cf,Ava,Rose,wrestling,2025-26,2025-26,D1,Women,Big Ten Conference,Iowa,,UNK,Jr.,Jr,"Princeton, N.J.",Princeton,NJ,domestic,Princeton High School,0,https://hawkeyesports.com/sports/womens-wrestling/roster/season/2025-26
wr_390eaeb89b1d,Ella,Schmit,wrestling,2025-26,2025-26,D1,Women,Big Ten Conference,Iowa,,UNK,RS Jr.,UNK,"Bettendorf, Iowa",Bettendorf,IA,domestic,Bettendorf,0,https://hawkeyesports.com/sports/womens-wrestling/roster/season/2025-26
wr_abf37fd4ef80,Naomi,Simon,wrestling,2025-26,2025-26,D1,Women,Big Ten Conference,Iowa,,UNK,So.,So,"Decorah, Iowa",Decorah,IA,domestic,Decorah,0,https://hawkeyesports.com/sports/womens-wrestling/roster/season/2025-26
wr_51bfe08bbfb6,Valarie,Solorio,wrestling,2025-26,2025-26,D1,Women,Big Ten Conference,Iowa,,UNK,So.,So,"Panama City Beach, Fla.",Panama City Beach,FL,domestic,Canon-McMillan,0,https://hawkeyesports.com/sports/womens-wrestling/roster/season/2025-26
wr_e42f6f81e276,Danni,Swihart,wrestling,2025-26,2025-26,D1,Women,Big Ten Conference,Iowa,,UNK,RS So.,UNK,"Jackson, Mich.",Jackson,MI,domestic,Hanover-Horton High School,0,https://hawkeyesports.com/sports/womens-wrestling/roster/season/2025-26
wr_dd7c57c19a46,Nyla,Valencia,wrestling,2025-26,2025-26,D1,Women,Big Ten Conference,Iowa,,UNK,RS Jr.,UNK,"Morgan Hill, Calif.",Morgan Hill,CA,domestic,Ann Sobrato,0,https://hawkeyesports.com/sports/womens-wrestling/roster/season/2025-26
wr_adfd4d2cc3ec,Kylie,Welker,wrestling,2025-26,2025-26,D1,Women,Big Ten Conference,Iowa,,UNK,RS Jr.,UNK,"Franksville, Wis.",Franksville,WI,domestic,Waterford Union,0,https://hawkeyesports.com/sports/womens-wrestling/roster/season/2025-26
wr_106a9e7c5221,Bella,Williams,wrestling,2025-26,2025-26,D1,Women,Big Ten Conference,Iowa,,UNK,Fr.,Fr,"Edmond, Okla.",Edmond,OK,domestic,Edmond North,0,https://hawkeyesports.com/sports/womens-wrestling/roster/season/2025-26
