athlete_id,first_name,last_name,major,previous_school,height_raw,height_in,weight_raw,weight_lbs,sport,athletic_year,season,division,gender,conference,school,position_raw,position_group,class_year_raw,class_standing,hometown_raw,hometown_city,hometown_state,origin,high_school,high_school_is_academy,source_url
bvb_2dfc7b6d2130,Morgan,Cox,Master of Business Administration,St. Andrews,5-6,66.0,,,beach_volleyball,2025-26,2026,D3,Women,American Southwest Conference,East Texas Baptist,"5'6""",Player,Gr.,Gr,"Panama City, FL",Panama City,FL,domestic,North Bay Haven Charter Academy,1,https://goetbutigers.com/sports/womens-beach-volleyball/roster/2026
bvb_ade020d10aad,Caiden,Lasala,Rehabilitative Science,UMHB,5-4,64.0,,,beach_volleyball,2025-26,2026,D3,Women,American Southwest Conference,East Texas Baptist,"5'4""",Player,Jr.,Jr,"New Braunfels, TX",New Braunfels,TX,domestic,Canyon,0,https://goetbutigers.com/sports/womens-beach-volleyball/roster/2026
bvb_66ed47c00e3b,Paige,Dickson,Rehabilitative Science,Ranger College,5-5,65.0,,,beach_volleyball,2025-26,2026,D3,Women,American Southwest Conference,East Texas Baptist,"5'5""",Player,So.,So,"San Angelo, TX",San Angelo,TX,domestic,Wall High School,0,https://goetbutigers.com/sports/womens-beach-volleyball/roster/2026
bvb_778dff4c303d,Luci,Guardia,Vissual Communications,,5-6,66.0,,,beach_volleyball,2025-26,2026,D3,Women,American Southwest Conference,East Texas Baptist,"5'6""",Player,Fr.,Fr,"Mire, La.",Mire,LA,domestic,Lafayette Christian,0,https://goetbutigers.com/sports/womens-beach-volleyball/roster/2026
bvb_7c03f72c4b08,Bella,Fields,Accounting/Finance,,5-7,67.0,,,beach_volleyball,2025-26,2026,D3,Women,American Southwest Conference,East Texas Baptist,"5'7""",Player,So.,So,"Deer Park, TX",Deer Park,TX,domestic,Deer Park,0,https://goetbutigers.com/sports/womens-beach-volleyball/roster/2026
bvb_bb45aa449c19,Brenna,Pope,Nursing,North Texas Central College,5-8,68.0,,,beach_volleyball,2025-26,2026,D3,Women,American Southwest Conference,East Texas Baptist,"5'8""",Player,So.,So,"Corinth, TX",Corinth,TX,domestic,Lake Dallas,0,https://goetbutigers.com/sports/womens-beach-volleyball/roster/2026
bvb_83c4927c4741,Boston,Morin,Psychology,,5-8,68.0,,,beach_volleyball,2025-26,2026,D3,Women,American Southwest Conference,East Texas Baptist,"5'8""",Player,Fr.,Fr,"Lubbock, TX",Lubbock,TX,domestic,Frenship,0,https://goetbutigers.com/sports/womens-beach-volleyball/roster/2026
bvb_c4f62770db76,Cecilia,Jalufka,Business,,5-9,69.0,,,beach_volleyball,2025-26,2026,D3,Women,American Southwest Conference,East Texas Baptist,"5'9""",Player,Fr.,Fr,"Francitas, TX",Francitas,TX,domestic,Industrial,0,https://goetbutigers.com/sports/womens-beach-volleyball/roster/2026
bvb_28550e5a8806,Kaiya,Haase,Nursing,,5-7,67.0,,,beach_volleyball,2025-26,2026,D3,Women,American Southwest Conference,East Texas Baptist,"5'7""",Player,So.,So,"Chandler, AZ",Chandler,AZ,domestic,Valley Christian,0,https://goetbutigers.com/sports/womens-beach-volleyball/roster/2026
bvb_af0a58782fae,KK,Domek,Sports Management,The Citadel,5-8,68.0,,,beach_volleyball,2025-26,2026,D3,Women,American Southwest Conference,East Texas Baptist,"5'8""",Player,Fr.,Fr,"Frisco, TX",Frisco,TX,domestic,Centennial,0,https://goetbutigers.com/sports/womens-beach-volleyball/roster/2026
bvb_4a5929cde3af,Katelynn,Holloway,Psychology,UMHB,5-6,66.0,,,beach_volleyball,2025-26,2026,D3,Women,American Southwest Conference,East Texas Baptist,"5'6""",Player,Jr.,Jr,"The Woodlands, TX",The Woodlands,TX,domestic,The Woodlands Christian,0,https://goetbutigers.com/sports/womens-beach-volleyball/roster/2026
bvb_d2bf6d14295e,Sofia,Castillo,Chemistry,,5-4,64.0,,,beach_volleyball,2025-26,2026,D3,Women,American Southwest Conference,East Texas Baptist,"5'4""",Player,Jr.,Jr,"Mansfield, TX",Mansfield,TX,domestic,Timberview,0,https://goetbutigers.com/sports/womens-beach-volleyball/roster/2026
bvb_45a4c0555ddf,Emmaley,Matz,Kinesiology,,5-8,68.0,,,beach_volleyball,2025-26,2026,D3,Women,American Southwest Conference,East Texas Baptist,"5'8""",Player,Fr.,Fr,"McKinney, TX",McKinney,TX,domestic,Imagine International Academy,1,https://goetbutigers.com/sports/womens-beach-volleyball/roster/2026
bvb_a66621dede56,Caitlyn,Ellenburg,Psychology,UMHB,5-7,67.0,,,beach_volleyball,2025-26,2026,D3,Women,American Southwest Conference,East Texas Baptist,"5'7""",Player,Jr.,Jr,"Marshall, TX",Marshall,TX,domestic,Marshall High School,0,https://goetbutigers.com/sports/womens-beach-volleyball/roster/2026
bvb_b561e20a88e9,Laura,Whelchel,Biology,,6-0,72.0,,,beach_volleyball,2025-26,2026,D3,Women,American Southwest Conference,East Texas Baptist,"6'0""",Player,Fr.,Fr,"Tyler, TX",Tyler,TX,domestic,Legacy,0,https://goetbutigers.com/sports/womens-beach-volleyball/roster/2026
bvb_be5033aa689c,Emily,Thomas,Business Administration,,5-9,69.0,,,beach_volleyball,2025-26,2026,D3,Women,American Southwest Conference,East Texas Baptist,"5'9""",Player,So.,So,"McKinney, TX",McKinney,TX,domestic,Cornerstone Christian,0,https://goetbutigers.com/sports/womens-beach-volleyball/roster/2026
bvb_be157a8b1579,Deanna,Disinger,Criminology,,5-6,66.0,,,beach_volleyball,2025-26,2026,D3,Women,Old Dominion Athletic Conference,Lynchburg,"5'6""",Player,So.,So,"DeLand, Fla.",DeLand,FL,domestic,DeLand High School,0,https://lynchburgsports.com/sports/womens-beach-volleyball/roster/2026
bvb_4cdaa03550d3,Reagan,Riddle,Elementary Education,,5-7,67.0,,,beach_volleyball,2025-26,2026,D3,Women,Old Dominion Athletic Conference,Lynchburg,"5'7""",Player,So.,So,"Rustburg, Va.",Rustburg,VA,domestic,Rustburg High School,0,https://lynchburgsports.com/sports/womens-beach-volleyball/roster/2026
bvb_a0aa4da8015e,Alexis,Scipione,Sports Management,Richard Bland College,5-9,69.0,,,beach_volleyball,2025-26,2026,D3,Women,Old Dominion Athletic Conference,Lynchburg,"5'9""",Player,Jr.,Jr,"Woodbridge, Va.",Woodbridge,VA,domestic,Colgan,0,https://lynchburgsports.com/sports/womens-beach-volleyball/roster/2026
bvb_5d30db07479c,Noelle,Slye,Biology/Pre-Vet,Kutztown University,5-9,69.0,,,beach_volleyball,2025-26,2026,D3,Women,Old Dominion Athletic Conference,Lynchburg,"5'9""",Player,So.,So,"Saratoga Springs, N.Y.",Saratoga Springs,NY,domestic,Saratoga Springs,0,https://lynchburgsports.com/sports/womens-beach-volleyball/roster/2026
bvb_7191afda5b23,Kailey,Keough,,,5-8,68.0,,,beach_volleyball,2025-26,2026,D3,Women,Old Dominion Athletic Conference,Lynchburg,"5'8""",Player,Sr.,Sr,"Charlotte, N.C.",Charlotte,NC,domestic,Ardrey Kell,0,https://lynchburgsports.com/sports/womens-beach-volleyball/roster/2026
bvb_1497bf958f60,Mady,Shirey,Criminology & Forensic Psychology,,5-7,67.0,,,beach_volleyball,2025-26,2026,D3,Women,Old Dominion Athletic Conference,Lynchburg,"5'7""",Player,Sr.,Sr,"Appomattox, Va.",Appomattox,VA,domestic,Appomattox County,0,https://lynchburgsports.com/sports/womens-beach-volleyball/roster/2026
bvb_b918f2e1931b,Amanda,Trapp,Psychology,,5-10,70.0,,,beach_volleyball,2025-26,2026,D3,Women,Old Dominion Athletic Conference,Lynchburg,"5'10""",Player,Sr.,Sr,"Fredericksburg, Va.",Fredericksburg,VA,domestic,Courtland,0,https://lynchburgsports.com/sports/womens-beach-volleyball/roster/2026
bvb_600cb3e0fd7c,Cara,Taylor,Nursing,The College of Wooster,5-8,68.0,,,beach_volleyball,2025-26,2026,D3,Women,Old Dominion Athletic Conference,Lynchburg,"5'8""",Player,Jr.,Jr,"Sunbury, Ohio",Sunbury,OH,domestic,Big Walnut High School,0,https://lynchburgsports.com/sports/womens-beach-volleyball/roster/2026
bvb_fca26bccdf50,Virginia,Zalinski,Business Administration,,5-6,66.0,,,beach_volleyball,2025-26,2026,D3,Women,Old Dominion Athletic Conference,Lynchburg,"5'6""",Player,Jr.,Jr,"Midlothian, Va.",Midlothian,VA,domestic,Midlothian,0,https://lynchburgsports.com/sports/womens-beach-volleyball/roster/2026
bvb_670782c0642b,Jamie,Smith,Nursing,,6-0,72.0,,,beach_volleyball,2025-26,2026,D3,Women,Old Dominion Athletic Conference,Lynchburg,"6'0""",Player,So.,So,"Forest Grove, Oreg.",Forest Grove,OR,domestic,Mountainside High School,0,https://lynchburgsports.com/sports/womens-beach-volleyball/roster/2026
bvb_c89321a3446d,SJ,Yanz,Elementary Education,,5-9,69.0,,,beach_volleyball,2025-26,2026,D3,Women,Old Dominion Athletic Conference,Lynchburg,"5'9""",Player,Sr.,Sr,"Matthews, N.C.",Matthews,NC,domestic,Weddington,0,https://lynchburgsports.com/sports/womens-beach-volleyball/roster/2026
bvb_b33ec567c20a,Ella,Grace Depew,,,,,,,beach_volleyball,2025-26,2026,D3,Women,Old Dominion Athletic Conference,Lynchburg,,Player,Fr.,Fr,Fr.,Fr.,,international,,0,https://lynchburgsports.com/sports/womens-beach-volleyball/roster/2026
bvb_b6734edabd24,Jacqueline,Bryant,,Juniata College,5-10,70.0,,,beach_volleyball,2025-26,2026,D3,Women,Old Dominion Athletic Conference,Lynchburg,"5'10""",Player,Gr.,Gr,"Bay Shore, N.Y.",Bay Shore,NY,domestic,Islip High School,0,https://lynchburgsports.com/sports/womens-beach-volleyball/roster/2026
bvb_c96ac9b6c977,Lydia,Nelson,Nursing,,5-4,64.0,,,beach_volleyball,2025-26,2026,D3,Women,Old Dominion Athletic Conference,Lynchburg,"5'4""",Player,Jr.,Jr,"Springfield, Va.",Springfield,VA,domestic,West Springfield,0,https://lynchburgsports.com/sports/womens-beach-volleyball/roster/2026
bvb_7987708e5397,Parker,Lynch,Chemistry,,5-10,70.0,,,beach_volleyball,2025-26,2026,D3,Women,Old Dominion Athletic Conference,Lynchburg,"5'10""",Player,Sr.,Sr,"Sanford, N.C.",Sanford,NC,domestic,Southern Lee,0,https://lynchburgsports.com/sports/womens-beach-volleyball/roster/2026
bvb_0202bc00d1fb,Kara,Schmit,,,5-8,68.0,,,beach_volleyball,2025-26,2026,D3,Women,Southern Athletic Association,Berry,Def,Player,Sr.,Sr,"Muskego, Wis.",Muskego,WI,domestic,Divine Savior Holy Angels,0,https://berryvikings.com/sports/beach-volleyball/roster/2026
bvb_7f16ec3a3194,Becky,Blaydes,Nursing,,5-7,67.0,,,beach_volleyball,2025-26,2026,D3,Women,Southern Athletic Association,Berry,Spl/Def,Player,Jr.,Jr,"Roswell, Ga.",Roswell,GA,domestic,Pope,0,https://berryvikings.com/sports/beach-volleyball/roster/2026
bvb_fc5890adb6ba,Riley,Kessler,,,5-5,65.0,,,beach_volleyball,2025-26,2026,D3,Women,Southern Athletic Association,Berry,D,Player,Fr.,Fr,"Littleton, Colo.",Littleton,CO,domestic,Chatfield,0,https://berryvikings.com/sports/beach-volleyball/roster/2026
bvb_3fa5aea500f2,Grace,Mau,Animal Science/Pre-Vet,,6-0,72.0,,,beach_volleyball,2025-26,2026,D3,Women,Southern Athletic Association,Berry,B,Player,Jr.,Jr,"Lynchburg, Va.",Lynchburg,VA,domestic,Liberty Christian,0,https://berryvikings.com/sports/beach-volleyball/roster/2026
bvb_22bfaab34cf0,Kaylee,Howell,,,5-10,70.0,,,beach_volleyball,2025-26,2026,D3,Women,Southern Athletic Association,Berry,Spl,Player,Jr.,Jr,"Roswell, Ga.",Roswell,GA,domestic,Johnson Ferry Christian,0,https://berryvikings.com/sports/beach-volleyball/roster/2026
bvb_68fad72e9233,Ailee,England,,,5-9,69.0,,,beach_volleyball,2025-26,2026,D3,Women,Southern Athletic Association,Berry,Spl,Player,So.,So,"Cartersville, Ga.",Cartersville,GA,domestic,Cartersville,0,https://berryvikings.com/sports/beach-volleyball/roster/2026
bvb_f3190601a2ba,Madie,Whitehead,Exercise Science,Houston Stellar VB Club,5-9,69.0,,,beach_volleyball,2025-26,2026,D3,Women,Southern Athletic Association,Berry,B,Player,Jr.,Jr,"Pearland, Tx.",Pearland,TX,domestic,Pearland,0,https://berryvikings.com/sports/beach-volleyball/roster/2026
bvb_7d837cd74636,Ava,Brovet,,,5-9,69.0,,,beach_volleyball,2025-26,2026,D3,Women,Southern Athletic Association,Berry,Spl,Player,Fr.,Fr,"Raleigh, N.C.",Raleigh,NC,domestic,Trinity Academy,1,https://berryvikings.com/sports/beach-volleyball/roster/2026
bvb_812949556b16,Keira,Kruk,Nursing,USA South VB Club,5-10,70.0,,,beach_volleyball,2025-26,2026,D3,Women,Southern Athletic Association,Berry,Def/Spl,Player,Jr.,Jr,"Naples, Fla.",Naples,FL,domestic,Barron Collier,0,https://berryvikings.com/sports/beach-volleyball/roster/2026
bvb_acaae0cf1cf6,Hope,Kimsey,,,5-11,71.0,,,beach_volleyball,2025-26,2026,D3,Women,Southern Athletic Association,Berry,B,Player,So.,So,"Lakeland, Fla.",Lakeland,FL,domestic,McKeel Academy,1,https://berryvikings.com/sports/beach-volleyball/roster/2026
bvb_a80c11ff99f1,Kat,Kelyman,,St. John's College,5-8,68.0,,,beach_volleyball,2025-26,2026,D3,Women,Southern Athletic Association,Berry,Def,Player,Sr.,Sr,"Silver Spring, Md.",Silver Spring,MD,domestic,,0,https://berryvikings.com/sports/beach-volleyball/roster/2026
bvb_19262501362a,Maddie,Dahl,,,,,,,beach_volleyball,2025-26,2026,D3,Women,Southern Athletic Association,Berry,,Player,So.,So,"Lexington, Va.",Lexington,VA,domestic,Rockbridge County,0,https://berryvikings.com/sports/beach-volleyball/roster/2026
bvb_c2895187ab93,Lura,Underwood,,,5-10,70.0,,,beach_volleyball,2025-26,2026,D3,Women,Southern Athletic Association,Berry,Spl/Def,Player,Sr.,Sr,"Atlanta, Ga.",Atlanta,GA,domestic,St. Pius X Catholic,0,https://berryvikings.com/sports/beach-volleyball/roster/2026
bvb_21d39b0fb88e,Hannah,Hagen,International Business/Marketing,,5-5,65.0,,,beach_volleyball,2025-26,2026,D3,Women,Southern Athletic Association,Berry,D,Player,Fr.,Fr,"Cumming, Ga.",Cumming,GA,domestic,North Forsyth,0,https://berryvikings.com/sports/beach-volleyball/roster/2026
bvb_15ecdc9b035d,Maddi,Hoffman,Biology,,5-8,68.0,,,beach_volleyball,2025-26,2026,D3,Women,Southern Athletic Association,Berry,Spl,Player,Fr.,Fr,"Monterey, Calif.",Monterey,CA,domestic,Carrollton,0,https://berryvikings.com/sports/beach-volleyball/roster/2026
bvb_a5d4d8963ed2,Ryn,Gaertner,Business and Chemistry,Club Unite,5-10,70.0,,,beach_volleyball,2025-26,2026,D3,Women,Southern Athletic Association,Berry,Spl,Player,Jr.,Jr,"Knoxville, Tenn.",Knoxville,TN,domestic,West,0,https://berryvikings.com/sports/beach-volleyball/roster/2026
bvb_39b0ca1bd7cd,Sabine,Rudolph,International Business and Pre-Pharmacy,,5-10,70.0,,,beach_volleyball,2025-26,2026,D3,Women,Southern Athletic Association,Berry,Spl,Player,Jr.,Jr,"Palm City, Fla.",Palm City,FL,domestic,Jensen Beach,0,https://berryvikings.com/sports/beach-volleyball/roster/2026
bvb_5db61042ba83,Cadence,Maxfield,,,5-9,69.0,,,beach_volleyball,2025-26,2026,D3,Women,Southern Athletic Association,Berry,"5'9""",Player,Sr.,Sr,"Green Bay, Wis.",Green Bay,WI,domestic,Notre Dame Academy,1,https://berryvikings.com/sports/beach-volleyball/roster/2026
bvb_9d3678dc52b2,Jade,Romero,Nursing,East Bernard High School,5-2,62.0,,,beach_volleyball,2025-26,2026,D3,Women,Southern Collegiate Athletic Conference,Concordia Texas,"5'2""",Player,Fr.,Fr,"East Bernard, TX",East Bernard,TX,domestic,East Bernard High School,0,https://athletics.concordia.edu/sports/beach-volleyball/roster/2026
bvb_6bcf6e70d400,Summer,Howard,,,5-4,64.0,,,beach_volleyball,2025-26,2026,D3,Women,Southern Collegiate Athletic Conference,Concordia Texas,"5'4""",Player,Fr.,Fr,Fr.,Fr.,,international,,0,https://athletics.concordia.edu/sports/beach-volleyball/roster/2026
bvb_785932979cf6,Kennedy,Carter,,Sierra Canyon High School,5-8,68.0,,,beach_volleyball,2025-26,2026,D3,Women,Southern Collegiate Athletic Conference,Concordia Texas,"5'8""",Player,Fr.,Fr,"Fulshear, Texas",Fulshear,TX,domestic,Sierra Canyon High School,0,https://athletics.concordia.edu/sports/beach-volleyball/roster/2026
bvb_9243ca01fef1,Hannah,Francis,Criminal Justice/Physch,Bellaire High School,5-9,69.0,,,beach_volleyball,2025-26,2026,D3,Women,Southern Collegiate Athletic Conference,Concordia Texas,"5'9""",Player,Fr.,Fr,"Houston, Texas",Houston,TX,domestic,Bellaire High School,0,https://athletics.concordia.edu/sports/beach-volleyball/roster/2026
bvb_f185dd463a14,Brooklynne,Fitzgerald,,Atascocita HS,5-9,69.0,,,beach_volleyball,2025-26,2026,D3,Women,Southern Collegiate Athletic Conference,Concordia Texas,"5'9""",Player,So.,So,"Houston, Texas",Houston,TX,domestic,Atascocita HS,0,https://athletics.concordia.edu/sports/beach-volleyball/roster/2026
bvb_65ff084e06e9,Kayden,Pate,,St. Andrews University,5-1,61.0,,,beach_volleyball,2025-26,2026,D3,Women,Southern Collegiate Athletic Conference,Concordia Texas,"5'1""",Player,So.,So,"Kingwood, Texas",Kingwood,TX,domestic,Porter High School,0,https://athletics.concordia.edu/sports/beach-volleyball/roster/2026
bvb_af47e49be5c3,Hailey,Dyer,,,5-4,64.0,,,beach_volleyball,2025-26,2026,D3,Women,Southern Collegiate Athletic Conference,Concordia Texas,"5'4""",Player,Fr.,Fr,"Wimberley, Texas",Wimberley,TX,domestic,,0,https://athletics.concordia.edu/sports/beach-volleyball/roster/2026
bvb_94a54daef469,Aniyah,Tompkins,Nursing,Belhaven University,5-5,65.0,,,beach_volleyball,2025-26,2026,D3,Women,Southern Collegiate Athletic Conference,Concordia Texas,"5'5""",Player,Jr.,Jr,"Cypress, TX",Cypress,TX,domestic,Cypress Ranch High School,0,https://athletics.concordia.edu/sports/beach-volleyball/roster/2026
bvb_0e62b63f38c1,Emma,Rosier,Nursing,Boyd High School,5-6,66.0,,,beach_volleyball,2025-26,2026,D3,Women,Southern Collegiate Athletic Conference,Concordia Texas,"5'6""",Player,Fr.,Fr,"Boyd, TX",Boyd,TX,domestic,Boyd High School,0,https://athletics.concordia.edu/sports/beach-volleyball/roster/2026
bvb_942196af5f93,Cylie,Wong,,Belmont Abbey,5-10,70.0,,,beach_volleyball,2025-26,2026,D3,Women,Southern Collegiate Athletic Conference,Concordia Texas,"5'10""",Player,So.,So,"South Padre Island, Texas",South Padre Island,TX,domestic,Flour Bluff HS,0,https://athletics.concordia.edu/sports/beach-volleyball/roster/2026
bvb_9f1ed7cfdf89,Gabriela,Gracia,,Houghton University,5-4,64.0,,,beach_volleyball,2025-26,2026,D3,Women,Southern Collegiate Athletic Conference,Concordia Texas,"5'4""",Player,So.,So,"Edinburg, Texas",Edinburg,TX,domestic,Robert Vela HS,0,https://athletics.concordia.edu/sports/beach-volleyball/roster/2026
bvb_0b47886da304,Kyla,Rodriguez,Communications and Marketing,New Life Christian Academy,5-7,67.0,,,beach_volleyball,2025-26,2026,D3,Women,Southern Collegiate Athletic Conference,Concordia Texas,"5'7""",Player,Fr.,Fr,"San Antonio, Texas",San Antonio,TX,domestic,,0,https://athletics.concordia.edu/sports/beach-volleyball/roster/2026
bvb_9cdc2a59094a,Olivia,Vu,Business and finance,Dripping Springs High School,5-11,71.0,,,beach_volleyball,2025-26,2026,D3,Women,Southern Collegiate Athletic Conference,Concordia Texas,"5'11""",Player,Fr.,Fr,"Dripping Springs, Texas",Dripping Springs,TX,domestic,Dripping Springs High School,0,https://athletics.concordia.edu/sports/beach-volleyball/roster/2026
bvb_0ba3d2b94ad4,Jadyn,White,,,,,,,beach_volleyball,2025-26,2026,D3,Women,American Southwest Conference,Howard Payne,Defender DF,Player,Jr.,Jr,Jr.,Jr.,,international,,0,https://hpusports.com/sports/beach-volleyball/roster/2026
bvb_f42a168bcc62,Tara,Bennett,,,,,,,beach_volleyball,2025-26,2026,D3,Women,American Southwest Conference,Howard Payne,Split Blocker SB,Player,So.,So,So.,So.,,international,,0,https://hpusports.com/sports/beach-volleyball/roster/2026
bvb_477b87737435,Joana,Martinez,,,,,,,beach_volleyball,2025-26,2026,D3,Women,American Southwest Conference,Howard Payne,Split Blocker SB,Player,Fr.,Fr,Fr.,Fr.,,international,,0,https://hpusports.com/sports/beach-volleyball/roster/2026
bvb_39c29c1e3970,Baylee,Burns,,,,,,,beach_volleyball,2025-26,2026,D3,Women,American Southwest Conference,Howard Payne,Defender D,Player,Jr.,Jr,Jr.,Jr.,,international,,0,https://hpusports.com/sports/beach-volleyball/roster/2026
bvb_72a7e0f6e33b,Addison,Roden,,,,,,,beach_volleyball,2025-26,2026,D3,Women,American Southwest Conference,Howard Payne,Defender/Split Blocker D/SB,Player,Jr.,Jr,Jr.,Jr.,,international,,0,https://hpusports.com/sports/beach-volleyball/roster/2026
bvb_15dd41045a8e,Sydnie,Mullins,,,,,,,beach_volleyball,2025-26,2026,D3,Women,American Southwest Conference,Howard Payne,Defender/Split Blocker D/SB,Player,Fr.,Fr,Fr.,Fr.,,international,,0,https://hpusports.com/sports/beach-volleyball/roster/2026
bvb_8a7c33c5bb2e,Ashley,Quizon,,,,,,,beach_volleyball,2025-26,2026,D3,Women,American Southwest Conference,Howard Payne,Defender DF,Player,Sr.,Sr,Sr.,Sr.,,international,,0,https://hpusports.com/sports/beach-volleyball/roster/2026
bvb_3ae87bd005bd,Madai,Suarez,,,,,,,beach_volleyball,2025-26,2026,D3,Women,American Southwest Conference,Howard Payne,Split Blocker SB,Player,Jr.,Jr,Jr.,Jr.,,international,,0,https://hpusports.com/sports/beach-volleyball/roster/2026
bvb_fe9c05116765,Jayden,Harrison,,,,,,,beach_volleyball,2025-26,2026,D3,Women,American Southwest Conference,Howard Payne,Split Blocker SB,Player,Jr.,Jr,Jr.,Jr.,,international,,0,https://hpusports.com/sports/beach-volleyball/roster/2026
bvb_8d41894c54dc,Halie,Coon,,,,,,,beach_volleyball,2025-26,2026,D3,Women,American Southwest Conference,Howard Payne,Defender/Split Blocker D/SB,Player,So.,So,So.,So.,,international,,0,https://hpusports.com/sports/beach-volleyball/roster/2026
bvb_c4d95a2d5f5f,Gracie,Dixon,,,,,,,beach_volleyball,2025-26,2026,D3,Women,American Southwest Conference,Howard Payne,Blocker B,Player,So.,So,So.,So.,,international,,0,https://hpusports.com/sports/beach-volleyball/roster/2026
bvb_1265546e259a,Emilee,Casey,,,,,,,beach_volleyball,2025-26,2026,D3,Women,American Southwest Conference,Howard Payne,Split Blocker SB,Player,Jr.,Jr,Jr.,Jr.,,international,,0,https://hpusports.com/sports/beach-volleyball/roster/2026
bvb_ba34ea9a36cd,Ashlyn,Kelly,,,,,,,beach_volleyball,2025-26,2026,D3,Women,American Southwest Conference,Howard Payne,Split Blocker SB,Player,Fr.,Fr,Fr.,Fr.,,international,,0,https://hpusports.com/sports/beach-volleyball/roster/2026
bvb_fe5af09d41cd,Samantha,Torres,,,,,,,beach_volleyball,2025-26,2026,D3,Women,American Southwest Conference,Howard Payne,,Player,Fr.,Fr,Fr.,Fr.,,international,,0,https://hpusports.com/sports/beach-volleyball/roster/2026
bvb_420a0703b306,Carli,Briese,,,,,,,beach_volleyball,2025-26,2026,D3,Women,American Southwest Conference,Howard Payne,Blocker B,Player,Fr.,Fr,Fr.,Fr.,,international,,0,https://hpusports.com/sports/beach-volleyball/roster/2026
bvb_d6c6c34b565f,Abigail,Henderson,,,,,,,beach_volleyball,2025-26,2026,D3,Women,American Southwest Conference,Howard Payne,Split Blocker SB,Player,Jr.,Jr,Jr.,Jr.,,international,,0,https://hpusports.com/sports/beach-volleyball/roster/2026
bvb_d84e344a47d8,Bailey,Scheivlbien,,,,,,,beach_volleyball,2025-26,2026,D3,Women,American Southwest Conference,Howard Payne,Split Blocker SB,Player,Jr.,Jr,Jr.,Jr.,,international,,0,https://hpusports.com/sports/beach-volleyball/roster/2026
bvb_1125499a4c7b,Chloe,Waller,,,,,,,beach_volleyball,2025-26,2026,D3,Women,American Southwest Conference,Howard Payne,Defender D,Player,Jr.,Jr,Jr.,Jr.,,international,,0,https://hpusports.com/sports/beach-volleyball/roster/2026
bvb_bdf072bf5efa,Danika,Durham,,,5-9,69.0,,,beach_volleyball,2025-26,2026,D3,Women,Collegiate Conference of the South,LaGrange,"5'9""",Player,Fr.,Fr,"Parker, Ariz.",Parker,AZ,domestic,Parker,0,https://lagrangepanthers.com/sports/womens-beach-volleyball/roster/2026
bvb_e8e619356723,Alex,Krabs,,,5-10,70.0,,,beach_volleyball,2025-26,2026,D3,Women,Collegiate Conference of the South,LaGrange,"5'10""",Player,Fr.,Fr,"Boynton Beach, Fla.",Boynton Beach,FL,domestic,Lakeworth Christian,0,https://lagrangepanthers.com/sports/womens-beach-volleyball/roster/2026
bvb_4d6fac49163c,Julia,Damico,,,5-3,63.0,,,beach_volleyball,2025-26,2026,D3,Women,Collegiate Conference of the South,LaGrange,"5'3""",Player,So.,So,"North Port, Fla.",North Port,FL,domestic,Charlotte,0,https://lagrangepanthers.com/sports/womens-beach-volleyball/roster/2026
bvb_4bdb028bfe31,Braeden,Kessler,,,5-8,68.0,,,beach_volleyball,2025-26,2026,D3,Women,Collegiate Conference of the South,LaGrange,"5'8""",Player,Fr.,Fr,"North Charleston, S.C.",North Charleston,SC,domestic,Fort Dorchester,0,https://lagrangepanthers.com/sports/womens-beach-volleyball/roster/2026
bvb_2ec2ffa69e3e,Jasmine,Gross,,,5-9,69.0,,,beach_volleyball,2025-26,2026,D3,Women,Collegiate Conference of the South,LaGrange,"5'9""",Player,Fr.,Fr,"Antioch, Tenn.",Antioch,TN,domestic,Ezell Harding Christian,0,https://lagrangepanthers.com/sports/womens-beach-volleyball/roster/2026
bvb_1bd85922921b,Kaitlin,Gilchrist,,,5-9,69.0,,,beach_volleyball,2025-26,2026,D3,Women,Collegiate Conference of the South,LaGrange,"5'9""",Player,So.,So,"Pelham, Ala.",Pelham,AL,domestic,John Carroll Catholic,0,https://lagrangepanthers.com/sports/womens-beach-volleyball/roster/2026
bvb_1caa7a344b8b,Kaitlyn,Smith,,,6-0,72.0,,,beach_volleyball,2025-26,2026,D3,Women,Collegiate Conference of the South,LaGrange,"6'0""",Player,Fr.,Fr,"Buckeye, Ariz.",Buckeye,AZ,domestic,Buckeye,0,https://lagrangepanthers.com/sports/womens-beach-volleyball/roster/2026
bvb_dbc56e628932,Isabella,Zentkovich,,,5-3,63.0,,,beach_volleyball,2025-26,2026,D3,Women,Collegiate Conference of the South,LaGrange,"5'3""",Player,So.,So,"Sharpsburg, Ga.",Sharpsburg,GA,domestic,Homeschooled,1,https://lagrangepanthers.com/sports/womens-beach-volleyball/roster/2026
bvb_1eab47486559,Akajah,Burton,Political Science,,5-8,68.0,,,beach_volleyball,2025-26,2026,D3,Women,Collegiate Conference of the South,LaGrange,"5'8""",Player,So.,So,"West Valley City, Ut.",West Valley City,UT,domestic,West High,0,https://lagrangepanthers.com/sports/womens-beach-volleyball/roster/2026
bvb_9a7908a8b0d1,Ella,Kahikina,,,5-8,68.0,,,beach_volleyball,2025-26,2026,D3,Women,Collegiate Conference of the South,LaGrange,"5'8""",Player,So.,So,"Tampa, Fla.",Tampa,FL,domestic,Newsome,0,https://lagrangepanthers.com/sports/womens-beach-volleyball/roster/2026
bvb_5b8a1f5282c3,Andie,Wright,,,5-10,70.0,,,beach_volleyball,2025-26,2026,D3,Women,Collegiate Conference of the South,LaGrange,"5'10""",Player,Fr.,Fr,"Columbus, Miss.",Columbus,MS,domestic,New Hope,0,https://lagrangepanthers.com/sports/womens-beach-volleyball/roster/2026
bvb_7d2d5a1fec91,Emerson,Melvin,,,5-8,68.0,,,beach_volleyball,2025-26,2026,D3,Women,Collegiate Conference of the South,LaGrange,"5'8""",Player,Fr.,Fr,"Hahira, Ga.",Hahira,GA,domestic,Lowndes County,0,https://lagrangepanthers.com/sports/womens-beach-volleyball/roster/2026
bvb_d03f827b3616,Riley,Curtis,Elementary Education,,5-5,65.0,,,beach_volleyball,2025-26,2026,D3,Women,Collegiate Conference of the South,LaGrange,"5'5""",Player,Fr.,Fr,"Labelle, Fla.",Labelle,FL,domestic,Labelle,0,https://lagrangepanthers.com/sports/womens-beach-volleyball/roster/2026
bvb_8892fdadbbbb,Alex,Dever,,Saint Francis,5-6,66.0,,,beach_volleyball,2025-26,2026,D3,Women,American Southwest Conference,Mary Hardin-Baylor,"5'6""",Player,So.,So,"Dallas, TX",Dallas,TX,domestic,Dallas Lutheran School,0,https://cruathletics.com/sports/beach-volleyball/roster/2026
bvb_f0fe74822f5c,Julianna,Green,,,5-6,66.0,,,beach_volleyball,2025-26,2026,D3,Women,American Southwest Conference,Mary Hardin-Baylor,"5'6""",Player,Sr.,Sr,"Justin, TX",Justin,TX,domestic,Northwest,0,https://cruathletics.com/sports/beach-volleyball/roster/2026
bvb_96c3b024ae97,Marley,Butler,,,5-2,62.0,,,beach_volleyball,2025-26,2026,D3,Women,American Southwest Conference,Mary Hardin-Baylor,"5'2""",Player,Fr.,Fr,"Sealy, TX",Sealy,TX,domestic,Sealy,0,https://cruathletics.com/sports/beach-volleyball/roster/2026
bvb_032ab1162439,Avery,Hedgpeth,,,5-7,67.0,,,beach_volleyball,2025-26,2026,D3,Women,American Southwest Conference,Mary Hardin-Baylor,"5'7""",Player,Fr.,Fr,"Bulverde, TX",Bulverde,TX,domestic,New Braunfels Christian,0,https://cruathletics.com/sports/beach-volleyball/roster/2026
bvb_d5b02c114a1d,Blakely,Bleeker,,,5-8,68.0,,,beach_volleyball,2025-26,2026,D3,Women,American Southwest Conference,Mary Hardin-Baylor,"5'8""",Player,Fr.,Fr,"Granbury, TX",Granbury,TX,domestic,Granbury,0,https://cruathletics.com/sports/beach-volleyball/roster/2026
bvb_588aaf0d6c14,Natasha,Thoms,,Missouri State,5-7,67.0,,,beach_volleyball,2025-26,2026,D3,Women,American Southwest Conference,Mary Hardin-Baylor,"5'7""",Player,Jr.,Jr,"Gatesville, TX",Gatesville,TX,domestic,Gatesville,0,https://cruathletics.com/sports/beach-volleyball/roster/2026
bvb_b100a1eee716,Shelbee,Adkins,,ETBU,5-8,68.0,,,beach_volleyball,2025-26,2026,D3,Women,American Southwest Conference,Mary Hardin-Baylor,"5'8""",Player,Jr.,Jr,"Huntsville, TX",Huntsville,TX,domestic,Huntsville,0,https://cruathletics.com/sports/beach-volleyball/roster/2026
bvb_e634edfd66e4,Natalie,Hughes,,,,,,,beach_volleyball,2025-26,2026,D3,Women,American Southwest Conference,Mary Hardin-Baylor,,Player,Jr.,Jr,"Corpus Christi, TX",Corpus Christi,TX,domestic,Flour Bluff,0,https://cruathletics.com/sports/beach-volleyball/roster/2026
bvb_a459440668d3,Kendall,Harrington,,,,,,,beach_volleyball,2025-26,2026,D3,Women,American Southwest Conference,Mary Hardin-Baylor,,Player,Jr.,Jr,"Midland, TX",Midland,TX,domestic,Legacy,0,https://cruathletics.com/sports/beach-volleyball/roster/2026
bvb_945dcac88c15,Faith,Clark,,,,,,,beach_volleyball,2025-26,2026,D3,Women,American Southwest Conference,Mary Hardin-Baylor,,Player,Sr.,Sr,"Bryan, TX",Bryan,TX,domestic,Bryan,0,https://cruathletics.com/sports/beach-volleyball/roster/2026
bvb_00d26e5c44bb,Jacie,Perkins,,,5-8,68.0,,,beach_volleyball,2025-26,2026,D3,Women,American Southwest Conference,Mary Hardin-Baylor,"5'8""",Player,Jr.,Jr,"Midlothian, TX",Midlothian,TX,domestic,Midlothian,0,https://cruathletics.com/sports/beach-volleyball/roster/2026
bvb_300abac9bdbf,Sara,Aultman,,,5-11,71.0,,,beach_volleyball,2025-26,2026,D3,Women,American Southwest Conference,Mary Hardin-Baylor,"5'11""",Player,Fr.,Fr,"Cleveland, TX",Cleveland,TX,domestic,Covenant Prep,1,https://cruathletics.com/sports/beach-volleyball/roster/2026
bvb_d0ec72db9075,Taylor,Morrow,,,5-6,66.0,,,beach_volleyball,2025-26,2026,D3,Women,American Southwest Conference,Mary Hardin-Baylor,"5'6""",Player,Fr.,Fr,"Columbus, TX",Columbus,TX,domestic,Columbus,0,https://cruathletics.com/sports/beach-volleyball/roster/2026
bvb_cdf47a9ba431,Saige,De La Fuente,,,5-4,64.0,,,beach_volleyball,2025-26,2026,D3,Women,American Southwest Conference,Mary Hardin-Baylor,"5'4""",Player,Sr.,Sr,"San Antonio, TX",San Antonio,TX,domestic,East Central,0,https://cruathletics.com/sports/beach-volleyball/roster/2026
bvb_c78f0737f347,Amanda,Doom,,,5-10,70.0,,,beach_volleyball,2025-26,2026,D3,Women,American Southwest Conference,Mary Hardin-Baylor,"5'10""",Player,Fr.,Fr,"Torrance, CA",Torrance,CA,domestic,Palos Verdes Peninsula,0,https://cruathletics.com/sports/beach-volleyball/roster/2026
bvb_7f24edc0b438,Ashley,Salas,,East Texas Baptist,5-6,66.0,,,beach_volleyball,2025-26,2026,D3,Women,American Southwest Conference,Mary Hardin-Baylor,"5'6""",Player,Sr.,Sr,"Austin, TX",Austin,TX,domestic,Bowie,0,https://cruathletics.com/sports/beach-volleyball/roster/2026
bvb_9ce7fd12fe76,Heidi,Farrar,,,5-5,65.0,,,beach_volleyball,2025-26,2026,D3,Women,American Southwest Conference,Mary Hardin-Baylor,"5'5""",Player,Jr.,Jr,"Houston, TX",Houston,TX,domestic,Clear Falls,0,https://cruathletics.com/sports/beach-volleyball/roster/2026
bvb_66f3708531b2,Sima,Kahoussi,,,5-5,65.0,,,beach_volleyball,2025-26,2026,D3,Women,Middle Atlantic Conference Commonwealth,Stevenson,"5'5""",Player,Jr.,Jr,"Apex, N.C.",Apex,NC,domestic,Apex,0,https://gomustangsports.com/sports/womens-beach-volleyball/roster/2026
bvb_6dfe3ab06f35,Isabella,Terra,Elementary Education,,5-4,64.0,,,beach_volleyball,2025-26,2026,D3,Women,Middle Atlantic Conference Commonwealth,Stevenson,"5'4""",Player,Jr.,Jr,"Downingtown, Pa.",Downingtown,PA,domestic,Downingtown West,0,https://gomustangsports.com/sports/womens-beach-volleyball/roster/2026
bvb_7ad728c355dd,Allison,Gaus,Psychology,,5-4,64.0,,,beach_volleyball,2025-26,2026,D3,Women,Middle Atlantic Conference Commonwealth,Stevenson,"5'4""",Player,So.,So,"Hampton, Va.",Hampton,VA,domestic,Peninsula Catholic,0,https://gomustangsports.com/sports/womens-beach-volleyball/roster/2026
bvb_421ceb83fe37,Maren,Zepfel,Healthcare Management,,5-10,70.0,,,beach_volleyball,2025-26,2026,D3,Women,Middle Atlantic Conference Commonwealth,Stevenson,"5'10""",Player,Jr.,Jr,"Westerville, Ohio",Westerville,OH,domestic,Westerville Central,0,https://gomustangsports.com/sports/womens-beach-volleyball/roster/2026
bvb_9e3d03a8ce04,Elle,Means,,,5-6,66.0,,,beach_volleyball,2025-26,2026,D3,Women,Middle Atlantic Conference Commonwealth,Stevenson,"5'6""",Player,Fr.,Fr,"York Springs, Pa.",York Springs,PA,domestic,Bermudian Springs,0,https://gomustangsports.com/sports/womens-beach-volleyball/roster/2026
bvb_3f7d1b10ae65,Avery,Pelletier,,,5-10,70.0,,,beach_volleyball,2025-26,2026,D3,Women,Middle Atlantic Conference Commonwealth,Stevenson,"5'10""",Player,So.,So,"Finksburg, Md.",Finksburg,MD,domestic,Westminster,0,https://gomustangsports.com/sports/womens-beach-volleyball/roster/2026
bvb_ab1cb5c16bf4,Nicolette,Fuglestad,,,5-6,66.0,,,beach_volleyball,2025-26,2026,D3,Women,Middle Atlantic Conference Commonwealth,Stevenson,"5'6""",Player,Sr.,Sr,"Naperville, Ill.",Naperville,IL,domestic,Neuqua Valley,0,https://gomustangsports.com/sports/womens-beach-volleyball/roster/2026
bvb_870bb374f184,Courtney,Foose,Middle School Education; Math and Science,,5-4,64.0,,,beach_volleyball,2025-26,2026,D3,Women,Middle Atlantic Conference Commonwealth,Stevenson,"5'4""",Player,So.,So,"Mechanicsburg, Pa.",Mechanicsburg,PA,domestic,Mechanicsburg Area,0,https://gomustangsports.com/sports/womens-beach-volleyball/roster/2026
bvb_d4da4784a97b,Rachel,Lenz,Biology,,6-0,72.0,,,beach_volleyball,2025-26,2026,D3,Women,Middle Atlantic Conference Commonwealth,Stevenson,"6'0""",Player,So.,So,"Arlington, Va.",Arlington,VA,domestic,Washington-Liberty,0,https://gomustangsports.com/sports/womens-beach-volleyball/roster/2026
bvb_cca87d81acfa,Lauren,Garcia,,,5-5,65.0,,,beach_volleyball,2025-26,2026,D3,Women,Middle Atlantic Conference Commonwealth,Stevenson,"5'5""",Player,Fr.,Fr,"Albuquerque, NM",Albuquerque,NM,domestic,Duke City Volleyball Academy,1,https://gomustangsports.com/sports/womens-beach-volleyball/roster/2026
bvb_194d3e681a73,Christabella,Williams,,,6-0,72.0,,,beach_volleyball,2025-26,2026,D3,Women,Middle Atlantic Conference Commonwealth,Stevenson,"6'0""",Player,Jr.,Jr,"Sparta, N.C.",Sparta,NC,domestic,Alleghany,0,https://gomustangsports.com/sports/womens-beach-volleyball/roster/2026
bvb_53afe3f120a6,Samantha,Simmers,,,5-6,66.0,,,beach_volleyball,2025-26,2026,D3,Women,Middle Atlantic Conference Commonwealth,Stevenson,"5'6""",Player,Sr.,Sr,"Bethlehem, Pa.",Bethlehem,PA,domestic,Freedom,0,https://gomustangsports.com/sports/womens-beach-volleyball/roster/2026
bvb_474a0e9d6abc,Jackie,Finlaw,,,5-6,66.0,,,beach_volleyball,2025-26,2026,D3,Women,Middle Atlantic Conference Commonwealth,Stevenson,"5'6""",Player,Fr.,Fr,"Warrington, Pa.",Warrington,PA,domestic,Central Bucks South,0,https://gomustangsports.com/sports/womens-beach-volleyball/roster/2026
bvb_4db2bdea2a03,Giulia,Viglietta,,,5-10,70.0,,,beach_volleyball,2025-26,2026,D3,Women,Middle Atlantic Conference Commonwealth,Stevenson,"5'10""",Player,Sr.,Sr,"Columbus, Ohio",Columbus,OH,domestic,Bexley,0,https://gomustangsports.com/sports/womens-beach-volleyball/roster/2026
bvb_23ac8837d9c3,Jacque,Rizzuto,,,5-9,69.0,,,beach_volleyball,2025-26,2026,D3,Women,Middle Atlantic Conference Commonwealth,Stevenson,"5'9""",Player,Fr.,Fr,"Eagleville, Pa.",Eagleville,PA,domestic,Methacton,0,https://gomustangsports.com/sports/womens-beach-volleyball/roster/2026
bvb_399d7e6ef3f1,Scarlett,Dunn,,,5-10,70.0,,,beach_volleyball,2025-26,2026,D3,Women,Middle Atlantic Conference Commonwealth,Stevenson,"5'10""",Player,Jr.,Jr,"Dagsboro, Del.",Dagsboro,DE,domestic,Indian River,0,https://gomustangsports.com/sports/womens-beach-volleyball/roster/2026
bvb_2b3b47f60e15,Claire,Thompson,,,5-8,68.0,,,beach_volleyball,2025-26,2026,D3,Women,Middle Atlantic Conference Commonwealth,Stevenson,"5'8""",Player,Jr.,Jr,"Ijamsville, Md.",Ijamsville,MD,domestic,Urbana,0,https://gomustangsports.com/sports/womens-beach-volleyball/roster/2026
bvb_9976a3b44a2c,Kylie,DesLauriers,,,5-10,70.0,,,beach_volleyball,2025-26,2026,D3,Women,Middle Atlantic Conference Commonwealth,Stevenson,"5'10""",Player,Sr.,Sr,"Damascus, Md.",Damascus,MD,domestic,Mount Airy Christian,0,https://gomustangsports.com/sports/womens-beach-volleyball/roster/2026
bvb_c966cabdce8c,Jolina,Bun,,,5-2,62.0,,,beach_volleyball,2025-26,2026,D3,Women,USA South Athletic Conference,Salem College,"5'2""",Player,Jr.,Jr,"Kernersville, N.C.",Kernersville,NC,domestic,East Forsyth High School,0,https://salemspirits.com/sports/beach-volleyball/roster
bvb_0043959c1c29,Emma,Marion,Business,,5-7,67.0,,,beach_volleyball,2025-26,2026,D3,Women,USA South Athletic Conference,Salem College,"5'7""",Player,Fr.,Fr,"High Point, NC",High Point,NC,domestic,High Point Central,0,https://salemspirits.com/sports/beach-volleyball/roster
bvb_6516b9e02c16,McKenzie,Tullock,,,5-6,66.0,,,beach_volleyball,2025-26,2026,D3,Women,USA South Athletic Conference,Salem College,"5'6""",Player,Sr.,Sr,"Charlotte, N.C.",Charlotte,NC,domestic,Parkwood High School,0,https://salemspirits.com/sports/beach-volleyball/roster
bvb_bbea984ce2cf,Molly,Enos,,,5-2,62.0,,,beach_volleyball,2025-26,2026,D3,Women,USA South Athletic Conference,Salem College,"5'2""",Player,So.,So,"Alachua, Fla.",Alachua,FL,domestic,Newberry High School,0,https://salemspirits.com/sports/beach-volleyball/roster
bvb_453243a1a975,Katelynn,Miller,Exercise Science,,5-8,68.0,,,beach_volleyball,2025-26,2026,D3,Women,USA South Athletic Conference,Salem College,"5'8""",Player,Fr.,Fr,"Denver, NC",Denver,NC,domestic,North Lincoln High School,0,https://salemspirits.com/sports/beach-volleyball/roster
bvb_efa5e6bfccf6,Leah,Rymer,,,5-8,68.0,,,beach_volleyball,2025-26,2026,D3,Women,USA South Athletic Conference,Salem College,"5'8""",Player,So.,So,"China Grove, N.C.",China Grove,NC,domestic,South Rowan High School,0,https://salemspirits.com/sports/beach-volleyball/roster
bvb_3d312a6c131c,Polly,Lennie,Studio Art,,5-5,65.0,,,beach_volleyball,2025-26,2026,D3,Women,USA South Athletic Conference,Salem College,"5'5""",Player,Fr.,Fr,"Summerfield, NC",Summerfield,NC,domestic,Western Academy,1,https://salemspirits.com/sports/beach-volleyball/roster
bvb_96c013171a61,Olivia,Torres,,,5-7,67.0,,,beach_volleyball,2025-26,2026,D3,Women,USA South Athletic Conference,Salem College,"5'7""",Player,So.,So,"Boynton Beach, Fla.",Boynton Beach,FL,domestic,American Heritage School,0,https://salemspirits.com/sports/beach-volleyball/roster
bvb_1ef6183ef83f,Ellie,Scherer,,Lakeland University,5-8,68.0,,,beach_volleyball,2025-26,2026,D3,Women,USA South Athletic Conference,Salem College,"5'8""",Player,Jr.,Jr,"Sister Bay, Wisc.",Sister Bay,WI,domestic,Gibraltar High School,0,https://salemspirits.com/sports/beach-volleyball/roster
bvb_c21481b96dd9,Ainsley,Graybeal,,,,,,,beach_volleyball,2025-26,2026,D3,Women,USA South Athletic Conference,Salem College,,Player,Fr.,Fr,"Wilkesboro, NC",Wilkesboro,NC,domestic,Wilkes Central,0,https://salemspirits.com/sports/beach-volleyball/roster
bvb_9047bb800deb,Ariana,Noplos,Psychology,,5-9,69.0,,,beach_volleyball,2025-26,2026,D3,Women,USA South Athletic Conference,Salem College,"5'9""",Player,Jr.,Jr,"Fergus Falls, MN",Fergus Falls,MN,domestic,Fergus Falls High School,0,https://salemspirits.com/sports/beach-volleyball/roster
bvb_c60a718c0cfa,Taylor,Cook,Biology,,5-9,69.0,,,beach_volleyball,2025-26,2026,D3,Women,USA South Athletic Conference,Salem College,"5'9""",Player,Fr.,Fr,"Sopchoppy, FL",Sopchoppy,FL,domestic,Florida State University Schools,0,https://salemspirits.com/sports/beach-volleyball/roster
bvb_057d270a2cb3,Sadie,Rich,Business Administration,,5-10,70.0,,,beach_volleyball,2025-26,2026,D3,Women,USA South Athletic Conference,Salem College,"5'10""",Player,Jr.,Jr,"Daytona Beach, FL",Daytona Beach,FL,domestic,Mainland High School,0,https://salemspirits.com/sports/beach-volleyball/roster
bvb_a081d9212cf0,Tenley,McDonald,Communications,,5-8,68.0,,,beach_volleyball,2025-26,2026,D3,Women,USA South Athletic Conference,Salem College,"5'8""",Player,Fr.,Fr,"Newport, NC",Newport,NC,domestic,West Carteret High School,0,https://salemspirits.com/sports/beach-volleyball/roster
bvb_f9d527a6c9c3,Madison,Fiscus,,,,,,,beach_volleyball,2025-26,2026,D3,Women,USA South Athletic Conference,Salem College,,Player,Fr.,Fr,"Buxton, NC",Buxton,NC,domestic,Cape Hatteras Secondary School,0,https://salemspirits.com/sports/beach-volleyball/roster
bvb_5434167898dd,Madison,Bozarth,Business Administration,,5-6,66.0,,,beach_volleyball,2025-26,2026,D3,Women,USA South Athletic Conference,Salem College,"5'6""",Player,Jr.,Jr,"Greensboro, NC",Greensboro,NC,domestic,Caldwell Academy,1,https://salemspirits.com/sports/beach-volleyball/roster
bvb_e6845c084c21,Claudiamar,Mejias,Criminal Studies,,,,,,beach_volleyball,2025-26,2026,D3,Women,USA South Athletic Conference,Salem College,,Player,Fr.,Fr,"Veja Baja, PR",Veja Baja,PR,domestic,Marista Manati,0,https://salemspirits.com/sports/beach-volleyball/roster
bvb_b80d1b640fab,Erin,Saunders,Biophysical Sciences,,,,,,beach_volleyball,2025-26,2026,D3,Women,Independent,Regent,,Player,Jr.,Jr,Danville. VA,Danville. VA,,international,Westover Christian,0,https://regentroyals.com/sports/womens-beach-volleyball/roster/2025-26
bvb_ae054699231a,Annalise,Todd,Communications,,,,,,beach_volleyball,2025-26,2026,D3,Women,Independent,Regent,,Player,Fr.,Fr,"Raleigh, NC",Raleigh,NC,domestic,Homeschooled,1,https://regentroyals.com/sports/womens-beach-volleyball/roster/2025-26
bvb_8a7b076548dc,Keira,Anderson,Biophysical Science,,,,,,beach_volleyball,2025-26,2026,D3,Women,Independent,Regent,,Player,Fr.,Fr,"Leland, NC",Leland,NC,domestic,North Brunswick High School,0,https://regentroyals.com/sports/womens-beach-volleyball/roster/2025-26
bvb_773fc8ec1a02,Rylee,Stewart,Biophysical Science,,,,,,beach_volleyball,2025-26,2026,D3,Women,Independent,Regent,,Player,Fr.,Fr,"Newport News, VA",Newport News,VA,domestic,Denbigh Baptist Christian,0,https://regentroyals.com/sports/womens-beach-volleyball/roster/2025-26
bvb_fcd77d6c11f7,Brooklynn,Delane,Cybersecurity,,,,,,beach_volleyball,2025-26,2026,D3,Women,Independent,Regent,,Player,So.,So,"Colonial Beach, VA",Colonial Beach,VA,domestic,Colonial Beach High School,0,https://regentroyals.com/sports/womens-beach-volleyball/roster/2025-26
bvb_36c3e9d8731f,Reagan,Holestin,Business,,,,,,beach_volleyball,2025-26,2026,D3,Women,Independent,Regent,,Player,Jr.,Jr,"Virginia Beach, VA",Virginia Beach,VA,domestic,Gateway Christian Academy,0,https://regentroyals.com/sports/womens-beach-volleyball/roster/2025-26
bvb_55474a0ff892,Alaina,Braun-Duin,Accounting,,,,,,beach_volleyball,2025-26,2026,D3,Women,Independent,Regent,,Player,So.,So,"Stephens City, VA",Stephens City,VA,domestic,John Handley High School,0,https://regentroyals.com/sports/womens-beach-volleyball/roster/2025-26
bvb_a38bc1c30c6b,Daily,Davis,Psychology,,,,,,beach_volleyball,2025-26,2026,D3,Women,Independent,Regent,,Player,Fr.,Fr,"Bristow, VA",Bristow,VA,domestic,Brentsville District High School,0,https://regentroyals.com/sports/womens-beach-volleyball/roster/2025-26
bvb_9f1d0c44bb09,Emma,Kristiansen,Biophysics,,,,,,beach_volleyball,2025-26,2026,D3,Women,Independent,Regent,,Player,Fr.,Fr,"Sparta, NJ",Sparta,NJ,domestic,Sparta High School,0,https://regentroyals.com/sports/womens-beach-volleyball/roster/2025-26
bvb_bd8e349cd5e7,Zoe,Bowers,General Studies,,,,,,beach_volleyball,2025-26,2026,D3,Women,Independent,Regent,,Player,Sr.,Sr,"Buffalo, NY",Buffalo,NY,domestic,Clarence High School,0,https://regentroyals.com/sports/womens-beach-volleyball/roster/2025-26
bvb_62cd74733d67,Serenity,Cortez,Psychology,,,,,,beach_volleyball,2025-26,2026,D3,Women,Independent,Regent,,Player,So.,So,"Fresno, CA",Fresno,CA,domestic,Fresno Christian,0,https://regentroyals.com/sports/womens-beach-volleyball/roster/2025-26
bvb_38360bfa5d2d,Lexie,Dennis,Business Marketing,,,,,,beach_volleyball,2025-26,2026,D3,Women,Independent,Regent,,Player,Fr.,Fr,"Newport News, VA",Newport News,VA,domestic,Hampton Christian,0,https://regentroyals.com/sports/womens-beach-volleyball/roster/2025-26
bvb_83fd9f533e1e,Anna,Teague,Communications,,,,,,beach_volleyball,2025-26,2026,D3,Women,Independent,Regent,,Player,Jr.,Jr,"Salisbury, NC",Salisbury,NC,domestic,North Hills Christian,0,https://regentroyals.com/sports/womens-beach-volleyball/roster/2025-26
bvb_d1cef96c6c4f,Sierra,Smullen,Business with a concentration in Marketing,,,,,,beach_volleyball,2025-26,2026,D3,Women,Independent,Regent,,Player,Jr.,Jr,"Snow Hill, MD",Snow Hill,MD,domestic,Snow Hill High School,0,https://regentroyals.com/sports/womens-beach-volleyball/roster/2025-26
bvb_b307e16f51d7,Halle,Almond,,,,,,,beach_volleyball,2025-26,2026,D3,Women,Independent,Southern Virginia,Blocker,Player,Fr.,Fr,"Kennewick, Washington",Kennewick,WA,domestic,Kamiakin,0,https://knightathletics.com/sports/womens-beach-volleyball/roster/2025-26
bvb_b407d96ce1d3,Allyson,Arguello,,,,,,,beach_volleyball,2025-26,2026,D3,Women,Independent,Southern Virginia,,Player,Fr.,Fr,"North Richalnd, Texas",North Richalnd,TX,domestic,Fort Worth Christian,0,https://knightathletics.com/sports/womens-beach-volleyball/roster/2025-26
bvb_3230e893e022,Anne,Downs,,New College of Florida,,,,,beach_volleyball,2025-26,2026,D3,Women,Independent,Southern Virginia,,Player,So.,So,"Kaysville, Utah",Kaysville,UT,domestic,Davis,0,https://knightathletics.com/sports/womens-beach-volleyball/roster/2025-26
bvb_b819d5a3d77e,Charity,Elam,,,,,,,beach_volleyball,2025-26,2026,D3,Women,Independent,Southern Virginia,,Player,So.,So,"Sahuarita, Arizona",Sahuarita,AZ,domestic,Sahuarita,0,https://knightathletics.com/sports/womens-beach-volleyball/roster/2025-26
bvb_f44cef23cd22,Gabi,Hale,,,,,,,beach_volleyball,2025-26,2026,D3,Women,Independent,Southern Virginia,,Player,So.,So,"McCall, Idaho",McCall,ID,domestic,McCall Donnelly,0,https://knightathletics.com/sports/womens-beach-volleyball/roster/2025-26
bvb_068c0ddf15ee,Claire,Harris,,,,,,,beach_volleyball,2025-26,2026,D3,Women,Independent,Southern Virginia,Defender,Player,So.,So,"Lexington, VA",Lexington,VA,domestic,Rockbridge County,0,https://knightathletics.com/sports/womens-beach-volleyball/roster/2025-26
bvb_a736edb7e30e,Brynn,Keeling,,Northwest University,,,,,beach_volleyball,2025-26,2026,D3,Women,Independent,Southern Virginia,,Player,So.,So,"Mesa, Ariz.",Mesa,AZ,domestic,Red Mountain,0,https://knightathletics.com/sports/womens-beach-volleyball/roster/2025-26
bvb_071c5e70c7ca,Sophie,Larsen,,,,,,,beach_volleyball,2025-26,2026,D3,Women,Independent,Southern Virginia,,Player,Fr.,Fr,"New Braunfels, Texas",New Braunfels,TX,domestic,New Braunfels,0,https://knightathletics.com/sports/womens-beach-volleyball/roster/2025-26
bvb_43aef246bfd5,Brookelyn,Madland,,,,,,,beach_volleyball,2025-26,2026,D3,Women,Independent,Southern Virginia,,Player,Jr.,Jr,"Mission Viejo, Calif.",Mission Viejo,CA,domestic,Mission Viejo,0,https://knightathletics.com/sports/womens-beach-volleyball/roster/2025-26
bvb_6d7e72bb8595,Emily,Peterson,,,,,,,beach_volleyball,2025-26,2026,D3,Women,Independent,Southern Virginia,,Player,So.,So,"Ashburn, VA",Ashburn,VA,domestic,Briar Woods,0,https://knightathletics.com/sports/womens-beach-volleyball/roster/2025-26
bvb_2d0f5933044a,Mikki,Prows,,,,,,,beach_volleyball,2025-26,2026,D3,Women,Independent,Southern Virginia,,Player,Sr.,Sr,"Escalante, UT",Escalante,UT,domestic,Escalante,0,https://knightathletics.com/sports/womens-beach-volleyball/roster/2025-26
bvb_334428b189f8,Tiari,Puriri,,,,,,,beach_volleyball,2025-26,2026,D3,Women,Independent,Southern Virginia,,Player,Fr.,Fr,"St. George, Utah",St. George,UT,domestic,Snow Canyon,0,https://knightathletics.com/sports/womens-beach-volleyball/roster/2025-26
bvb_afffc2008c7d,Baylee,Savage,,,,,,,beach_volleyball,2025-26,2026,D3,Women,Independent,Southern Virginia,,Player,So.,So,"Rio Rancho, N.M.",Rio Rancho,NM,domestic,V. Sue Cleveland,0,https://knightathletics.com/sports/womens-beach-volleyball/roster/2025-26
bvb_0c00eb87146c,Callie,Tuckfield,,,,,,,beach_volleyball,2025-26,2026,D3,Women,Independent,Southern Virginia,Blocker,Player,Sr.,Sr,"St. George, Utah",St. George,UT,domestic,Dixie,0,https://knightathletics.com/sports/womens-beach-volleyball/roster/2025-26
bvb_ab02ca1f791b,Hannah,Welch,,,,,,,beach_volleyball,2025-26,2026,D3,Women,Independent,Southern Virginia,,Player,Fr.,Fr,"Lake Elsinore, California",Lake Elsinore,CA,domestic,Paloma Valley,0,https://knightathletics.com/sports/womens-beach-volleyball/roster/2025-26
bvb_5a1a11188b43,Charlotte,Wilde,,,,,,,beach_volleyball,2025-26,2026,D3,Women,Independent,Southern Virginia,,Player,Fr.,Fr,"Moorpark, California",Moorpark,CA,domestic,Moorpark,0,https://knightathletics.com/sports/womens-beach-volleyball/roster/2025-26
